Date,Account,Cost_Center,Region,Product,Version,Amount
202601,REVENUE,SALES,SOUTH,SOFTWARE,Actual,93693.6
202601,REVENUE,SALES,SOUTH,SOFTWARE,Budget,96096.0
202601,COGS,OPERATIONS,SOUTH,SOFTWARE,Actual,24126.1
202601,COGS,OPERATIONS,SOUTH,SOFTWARE,Budget,24024.0
202601,REVENUE,SALES,SOUTH,CONSULTING,Actual,65345.28
202601,REVENUE,SALES,SOUTH,CONSULTING,Budget,68068.0
202601,COGS,OPERATIONS,SOUTH,CONSULTING,Actual,25576.14
202601,COGS,OPERATIONS,SOUTH,CONSULTING,Budget,25865.84
202601,REVENUE,SALES,SOUTH,SUPPORT,Actual,34774.74
202601,REVENUE,SALES,SOUTH,SUPPORT,Budget,36036.0
202601,COGS,OPERATIONS,SOUTH,SUPPORT,Actual,10745.39
202601,COGS,OPERATIONS,SOUTH,SUPPORT,Budget,10810.8
202601,REVENUE,SALES,SOUTHEAST,SOFTWARE,Actual,197914.08
202601,REVENUE,SALES,SOUTHEAST,SOFTWARE,Budget,200928.0
202601,COGS,OPERATIONS,SOUTHEAST,SOFTWARE,Actual,50962.88
202601,COGS,OPERATIONS,SOUTHEAST,SOFTWARE,Budget,50232.0
202601,REVENUE,SALES,SOUTHEAST,CONSULTING,Actual,138054.28
202601,REVENUE,SALES,SOUTHEAST,CONSULTING,Budget,142324.0
202601,COGS,OPERATIONS,SOUTHEAST,CONSULTING,Actual,54034.45
202601,COGS,OPERATIONS,SOUTHEAST,CONSULTING,Budget,54083.12
202601,REVENUE,SALES,SOUTHEAST,SUPPORT,Actual,73464.3
202601,REVENUE,SALES,SOUTHEAST,SUPPORT,Budget,75348.0
202601,COGS,OPERATIONS,SOUTHEAST,SUPPORT,Actual,22700.47
202601,COGS,OPERATIONS,SOUTHEAST,SUPPORT,Budget,22604.4
202601,REVENUE,SALES,NORTHEAST,SOFTWARE,Actual,75479.04
202601,REVENUE,SALES,NORTHEAST,SOFTWARE,Budget,78624.0
202601,COGS,OPERATIONS,NORTHEAST,SOFTWARE,Actual,19435.85
202601,COGS,OPERATIONS,NORTHEAST,SOFTWARE,Budget,19656.0
202601,REVENUE,SALES,NORTHEAST,CONSULTING,Actual,52628.94
202601,REVENUE,SALES,NORTHEAST,CONSULTING,Budget,55692.0
202601,COGS,OPERATIONS,NORTHEAST,CONSULTING,Actual,20598.97
202601,COGS,OPERATIONS,NORTHEAST,CONSULTING,Budget,21162.96
202601,REVENUE,SALES,NORTHEAST,SUPPORT,Actual,28009.8
202601,REVENUE,SALES,NORTHEAST,SUPPORT,Budget,29484.0
202601,COGS,OPERATIONS,NORTHEAST,SUPPORT,Actual,8655.03
202601,COGS,OPERATIONS,NORTHEAST,SUPPORT,Budget,8845.2
202601,REVENUE,SALES,CENTRAL_WEST,SOFTWARE,Actual,59317.44
202601,REVENUE,SALES,CENTRAL_WEST,SOFTWARE,Budget,61152.0
202601,COGS,OPERATIONS,CENTRAL_WEST,SOFTWARE,Actual,15274.24
202601,COGS,OPERATIONS,CENTRAL_WEST,SOFTWARE,Budget,15288.0
202601,REVENUE,SALES,CENTRAL_WEST,CONSULTING,Actual,41366.78
202601,REVENUE,SALES,CENTRAL_WEST,CONSULTING,Budget,43316.0
202601,COGS,OPERATIONS,CENTRAL_WEST,CONSULTING,Actual,16190.96
202601,COGS,OPERATIONS,CENTRAL_WEST,CONSULTING,Budget,16460.08
202601,REVENUE,SALES,CENTRAL_WEST,SUPPORT,Actual,22014.72
202601,REVENUE,SALES,CENTRAL_WEST,SUPPORT,Budget,22932.0
202601,COGS,OPERATIONS,CENTRAL_WEST,SUPPORT,Actual,6802.55
202601,COGS,OPERATIONS,CENTRAL_WEST,SUPPORT,Budget,6879.6
202602,REVENUE,SALES,SOUTH,SOFTWARE,Actual,98767.68
202602,REVENUE,SALES,SOUTH,SOFTWARE,Budget,99264.0
202602,COGS,OPERATIONS,SOUTH,SOFTWARE,Actual,25185.76
202602,COGS,OPERATIONS,SOUTH,SOFTWARE,Budget,24816.0
202602,REVENUE,SALES,SOUTH,CONSULTING,Actual,68905.76
202602,REVENUE,SALES,SOUTH,CONSULTING,Budget,70312.0
202602,COGS,OPERATIONS,SOUTH,CONSULTING,Actual,26707.87
202602,COGS,OPERATIONS,SOUTH,CONSULTING,Budget,26718.56
202602,REVENUE,SALES,SOUTH,SUPPORT,Actual,36665.64
202602,REVENUE,SALES,SOUTH,SUPPORT,Budget,37224.0
202602,COGS,OPERATIONS,SOUTH,SUPPORT,Actual,11219.69
202602,COGS,OPERATIONS,SOUTH,SUPPORT,Budget,11167.2
202602,REVENUE,SALES,SOUTHEAST,SOFTWARE,Actual,208589.76
202602,REVENUE,SALES,SOUTHEAST,SOFTWARE,Budget,207552.0
202602,COGS,OPERATIONS,SOUTHEAST,SOFTWARE,Actual,53190.39
202602,COGS,OPERATIONS,SOUTHEAST,SOFTWARE,Budget,51888.0
202602,REVENUE,SALES,SOUTHEAST,CONSULTING,Actual,145545.84
202602,REVENUE,SALES,SOUTHEAST,CONSULTING,Budget,147016.0
202602,COGS,OPERATIONS,SOUTHEAST,CONSULTING,Actual,56413.57
202602,COGS,OPERATIONS,SOUTHEAST,CONSULTING,Budget,55866.08
202602,REVENUE,SALES,SOUTHEAST,SUPPORT,Actual,77442.84
202602,REVENUE,SALES,SOUTHEAST,SUPPORT,Budget,77832.0
202602,COGS,OPERATIONS,SOUTHEAST,SUPPORT,Actual,23697.51
202602,COGS,OPERATIONS,SOUTHEAST,SUPPORT,Budget,23349.6
202602,REVENUE,SALES,NORTHEAST,SOFTWARE,Actual,79591.68
202602,REVENUE,SALES,NORTHEAST,SOFTWARE,Budget,81216.0
202602,COGS,OPERATIONS,NORTHEAST,SOFTWARE,Actual,20295.88
202602,COGS,OPERATIONS,NORTHEAST,SOFTWARE,Budget,20304.0
202602,REVENUE,SALES,NORTHEAST,CONSULTING,Actual,55514.52
202602,REVENUE,SALES,NORTHEAST,CONSULTING,Budget,57528.0
202602,COGS,OPERATIONS,NORTHEAST,CONSULTING,Actual,21517.43
202602,COGS,OPERATIONS,NORTHEAST,CONSULTING,Budget,21860.64
202602,REVENUE,SALES,NORTHEAST,SUPPORT,Actual,29542.32
202602,REVENUE,SALES,NORTHEAST,SUPPORT,Budget,30456.0
202602,COGS,OPERATIONS,NORTHEAST,SUPPORT,Actual,9039.95
202602,COGS,OPERATIONS,NORTHEAST,SUPPORT,Budget,9136.8
202602,REVENUE,SALES,CENTRAL_WEST,SOFTWARE,Actual,62536.32
202602,REVENUE,SALES,CENTRAL_WEST,SOFTWARE,Budget,63168.0
202602,COGS,OPERATIONS,CENTRAL_WEST,SOFTWARE,Actual,15946.76
202602,COGS,OPERATIONS,CENTRAL_WEST,SOFTWARE,Budget,15792.0
202602,REVENUE,SALES,CENTRAL_WEST,CONSULTING,Actual,43625.4
202602,REVENUE,SALES,CENTRAL_WEST,CONSULTING,Budget,44744.0
202602,COGS,OPERATIONS,CENTRAL_WEST,CONSULTING,Actual,16909.21
202602,COGS,OPERATIONS,CENTRAL_WEST,CONSULTING,Budget,17002.72
202602,REVENUE,SALES,CENTRAL_WEST,SUPPORT,Actual,23214.24
202602,REVENUE,SALES,CENTRAL_WEST,SUPPORT,Budget,23688.0
202602,COGS,OPERATIONS,CENTRAL_WEST,SUPPORT,Actual,7103.56
202602,COGS,OPERATIONS,CENTRAL_WEST,SUPPORT,Budget,7106.4
202603,REVENUE,SALES,SOUTH,SOFTWARE,Actual,106075.2
202603,REVENUE,SALES,SOUTH,SOFTWARE,Budget,103488.0
202603,COGS,OPERATIONS,SOUTH,SOFTWARE,Actual,26783.99
202603,COGS,OPERATIONS,SOUTH,SOFTWARE,Budget,25872.0
202603,REVENUE,SALES,SOUTH,CONSULTING,Actual,74037.04
202603,REVENUE,SALES,SOUTH,CONSULTING,Budget,73304.0
202603,COGS,OPERATIONS,SOUTH,CONSULTING,Actual,28415.42
202603,COGS,OPERATIONS,SOUTH,CONSULTING,Budget,27855.52
202603,REVENUE,SALES,SOUTH,SUPPORT,Actual,39390.12
202603,REVENUE,SALES,SOUTH,SUPPORT,Budget,38808.0
202603,COGS,OPERATIONS,SOUTH,SUPPORT,Actual,11935.21
202603,COGS,OPERATIONS,SOUTH,SUPPORT,Budget,11642.4
202603,REVENUE,SALES,SOUTHEAST,SOFTWARE,Actual,223957.44
202603,REVENUE,SALES,SOUTHEAST,SOFTWARE,Budget,216384.0
202603,COGS,OPERATIONS,SOUTHEAST,SOFTWARE,Actual,56549.25
202603,COGS,OPERATIONS,SOUTHEAST,SOFTWARE,Budget,54096.0
202603,REVENUE,SALES,SOUTHEAST,CONSULTING,Actual,156337.44
202603,REVENUE,SALES,SOUTHEAST,CONSULTING,Budget,153272.0
202603,COGS,OPERATIONS,SOUTHEAST,CONSULTING,Actual,60002.31
202603,COGS,OPERATIONS,SOUTHEAST,CONSULTING,Budget,58243.36
202603,REVENUE,SALES,SOUTHEAST,SUPPORT,Actual,83172.6
202603,REVENUE,SALES,SOUTHEAST,SUPPORT,Budget,81144.0
202603,COGS,OPERATIONS,SOUTHEAST,SUPPORT,Actual,25201.3
202603,COGS,OPERATIONS,SOUTHEAST,SUPPORT,Budget,24343.2
202603,REVENUE,SALES,NORTHEAST,SOFTWARE,Actual,85518.72
202603,REVENUE,SALES,NORTHEAST,SOFTWARE,Budget,84672.0
202603,COGS,OPERATIONS,NORTHEAST,SOFTWARE,Actual,21593.48
202603,COGS,OPERATIONS,NORTHEAST,SOFTWARE,Budget,21168.0
202603,REVENUE,SALES,NORTHEAST,CONSULTING,Actual,59676.12
202603,REVENUE,SALES,NORTHEAST,CONSULTING,Budget,59976.0
202603,COGS,OPERATIONS,NORTHEAST,CONSULTING,Actual,22903.69
202603,COGS,OPERATIONS,NORTHEAST,CONSULTING,Budget,22790.88
202603,REVENUE,SALES,NORTHEAST,SUPPORT,Actual,31752.0
202603,REVENUE,SALES,NORTHEAST,SUPPORT,Budget,31752.0
202603,COGS,OPERATIONS,NORTHEAST,SUPPORT,Actual,9620.86
202603,COGS,OPERATIONS,NORTHEAST,SUPPORT,Budget,9525.6
202603,REVENUE,SALES,CENTRAL_WEST,SOFTWARE,Actual,67173.12
202603,REVENUE,SALES,CENTRAL_WEST,SOFTWARE,Budget,65856.0
202603,COGS,OPERATIONS,CENTRAL_WEST,SOFTWARE,Actual,16961.21
202603,COGS,OPERATIONS,CENTRAL_WEST,SOFTWARE,Budget,16464.0
202603,REVENUE,SALES,CENTRAL_WEST,CONSULTING,Actual,46881.24
202603,REVENUE,SALES,CENTRAL_WEST,CONSULTING,Budget,46648.0
202603,COGS,OPERATIONS,CENTRAL_WEST,CONSULTING,Actual,17993.02
202603,COGS,OPERATIONS,CENTRAL_WEST,CONSULTING,Budget,17726.24
202603,REVENUE,SALES,CENTRAL_WEST,SUPPORT,Actual,24942.96
202603,REVENUE,SALES,CENTRAL_WEST,SUPPORT,Budget,24696.0
202603,COGS,OPERATIONS,CENTRAL_WEST,SUPPORT,Actual,7557.72
202603,COGS,OPERATIONS,CENTRAL_WEST,SUPPORT,Budget,7408.8
202604,REVENUE,SALES,SOUTH,SOFTWARE,Actual,110352.0
202604,REVENUE,SALES,SOUTH,SOFTWARE,Budget,105600.0
202604,COGS,OPERATIONS,SOUTH,SOFTWARE,Actual,27588.0
202604,COGS,OPERATIONS,SOUTH,SOFTWARE,Budget,26400.0
202604,REVENUE,SALES,SOUTH,CONSULTING,Actual,77044.0
202604,REVENUE,SALES,SOUTH,CONSULTING,Budget,74800.0
202604,COGS,OPERATIONS,SOUTH,CONSULTING,Actual,29276.72
202604,COGS,OPERATIONS,SOUTH,CONSULTING,Budget,28424.0
202604,REVENUE,SALES,SOUTH,SUPPORT,Actual,40986.0
202604,REVENUE,SALES,SOUTH,SUPPORT,Budget,39600.0
202604,COGS,OPERATIONS,SOUTH,SUPPORT,Actual,12295.8
202604,COGS,OPERATIONS,SOUTH,SUPPORT,Budget,11880.0
202604,REVENUE,SALES,SOUTHEAST,SOFTWARE,Actual,232944.0
202604,REVENUE,SALES,SOUTHEAST,SOFTWARE,Budget,220800.0
202604,COGS,OPERATIONS,SOUTHEAST,SOFTWARE,Actual,58236.0
202604,COGS,OPERATIONS,SOUTHEAST,SOFTWARE,Budget,55200.0
202604,REVENUE,SALES,SOUTHEAST,CONSULTING,Actual,162656.0
202604,REVENUE,SALES,SOUTHEAST,CONSULTING,Budget,156400.0
202604,COGS,OPERATIONS,SOUTHEAST,CONSULTING,Actual,61809.28
202604,COGS,OPERATIONS,SOUTHEAST,CONSULTING,Budget,59432.0
202604,REVENUE,SALES,SOUTHEAST,SUPPORT,Actual,86526.0
202604,REVENUE,SALES,SOUTHEAST,SUPPORT,Budget,82800.0
202604,COGS,OPERATIONS,SOUTHEAST,SUPPORT,Actual,25957.8
202604,COGS,OPERATIONS,SOUTHEAST,SUPPORT,Budget,24840.0
202604,REVENUE,SALES,NORTHEAST,SOFTWARE,Actual,88992.0
202604,REVENUE,SALES,NORTHEAST,SOFTWARE,Budget,86400.0
202604,COGS,OPERATIONS,NORTHEAST,SOFTWARE,Actual,22248.0
202604,COGS,OPERATIONS,NORTHEAST,SOFTWARE,Budget,21600.0
202604,REVENUE,SALES,NORTHEAST,CONSULTING,Actual,62118.0
202604,REVENUE,SALES,NORTHEAST,CONSULTING,Budget,61200.0
202604,COGS,OPERATIONS,NORTHEAST,CONSULTING,Actual,23604.84
202604,COGS,OPERATIONS,NORTHEAST,CONSULTING,Budget,23256.0
202604,REVENUE,SALES,NORTHEAST,SUPPORT,Actual,33048.0
202604,REVENUE,SALES,NORTHEAST,SUPPORT,Budget,32400.0
202604,COGS,OPERATIONS,NORTHEAST,SUPPORT,Actual,9914.4
202604,COGS,OPERATIONS,NORTHEAST,SUPPORT,Budget,9720.0
202604,REVENUE,SALES,CENTRAL_WEST,SOFTWARE,Actual,69888.0
202604,REVENUE,SALES,CENTRAL_WEST,SOFTWARE,Budget,67200.0
202604,COGS,OPERATIONS,CENTRAL_WEST,SOFTWARE,Actual,17472.0
202604,COGS,OPERATIONS,CENTRAL_WEST,SOFTWARE,Budget,16800.0
202604,REVENUE,SALES,CENTRAL_WEST,CONSULTING,Actual,48790.0
202604,REVENUE,SALES,CENTRAL_WEST,CONSULTING,Budget,47600.0
202604,COGS,OPERATIONS,CENTRAL_WEST,CONSULTING,Actual,18540.2
202604,COGS,OPERATIONS,CENTRAL_WEST,CONSULTING,Budget,18088.0
202604,REVENUE,SALES,CENTRAL_WEST,SUPPORT,Actual,25956.0
202604,REVENUE,SALES,CENTRAL_WEST,SUPPORT,Budget,25200.0
202604,COGS,OPERATIONS,CENTRAL_WEST,SUPPORT,Actual,7786.8
202604,COGS,OPERATIONS,CENTRAL_WEST,SUPPORT,Budget,7560.0
202605,REVENUE,SALES,SOUTH,SOFTWARE,Actual,108250.56
202605,REVENUE,SALES,SOUTH,SOFTWARE,Budget,107712.0
202605,COGS,OPERATIONS,SOUTH,SOFTWARE,Actual,28145.15
202605,COGS,OPERATIONS,SOUTH,SOFTWARE,Budget,26928.0
202605,REVENUE,SALES,SOUTH,CONSULTING,Actual,75533.04
202605,REVENUE,SALES,SOUTH,CONSULTING,Budget,76296.0
202605,COGS,OPERATIONS,SOUTH,CONSULTING,Actual,29850.66
202605,COGS,OPERATIONS,SOUTH,CONSULTING,Budget,28992.48
202605,REVENUE,SALES,SOUTH,SUPPORT,Actual,40190.04
202605,REVENUE,SALES,SOUTH,SUPPORT,Budget,40392.0
202605,COGS,OPERATIONS,SOUTH,SUPPORT,Actual,12539.29
202605,COGS,OPERATIONS,SOUTH,SUPPORT,Budget,12117.6
202605,REVENUE,SALES,SOUTHEAST,SOFTWARE,Actual,228594.24
202605,REVENUE,SALES,SOUTHEAST,SOFTWARE,Budget,225216.0
202605,COGS,OPERATIONS,SOUTHEAST,SOFTWARE,Actual,59434.5
202605,COGS,OPERATIONS,SOUTHEAST,SOFTWARE,Budget,56304.0
202605,REVENUE,SALES,SOUTHEAST,CONSULTING,Actual,159528.0
202605,REVENUE,SALES,SOUTHEAST,CONSULTING,Budget,159528.0
202605,COGS,OPERATIONS,SOUTHEAST,CONSULTING,Actual,63045.47
202605,COGS,OPERATIONS,SOUTHEAST,CONSULTING,Budget,60620.64
202605,REVENUE,SALES,SOUTHEAST,SUPPORT,Actual,84878.28
202605,REVENUE,SALES,SOUTHEAST,SUPPORT,Budget,84456.0
202605,COGS,OPERATIONS,SOUTHEAST,SUPPORT,Actual,26482.02
202605,COGS,OPERATIONS,SOUTHEAST,SUPPORT,Budget,25336.8
202605,REVENUE,SALES,NORTHEAST,SOFTWARE,Actual,87246.72
202605,REVENUE,SALES,NORTHEAST,SOFTWARE,Budget,88128.0
202605,COGS,OPERATIONS,NORTHEAST,SOFTWARE,Actual,22684.15
202605,COGS,OPERATIONS,NORTHEAST,SOFTWARE,Budget,22032.0
202605,REVENUE,SALES,NORTHEAST,CONSULTING,Actual,60863.4
202605,REVENUE,SALES,NORTHEAST,CONSULTING,Budget,62424.0
202605,COGS,OPERATIONS,NORTHEAST,CONSULTING,Actual,24053.22
202605,COGS,OPERATIONS,NORTHEAST,CONSULTING,Budget,23721.12
202605,REVENUE,SALES,NORTHEAST,SUPPORT,Actual,32387.04
202605,REVENUE,SALES,NORTHEAST,SUPPORT,Budget,33048.0
202605,COGS,OPERATIONS,NORTHEAST,SUPPORT,Actual,10104.76
202605,COGS,OPERATIONS,NORTHEAST,SUPPORT,Budget,9914.4
202605,REVENUE,SALES,CENTRAL_WEST,SOFTWARE,Actual,68544.0
202605,REVENUE,SALES,CENTRAL_WEST,SOFTWARE,Budget,68544.0
202605,COGS,OPERATIONS,CENTRAL_WEST,SOFTWARE,Actual,17821.44
202605,COGS,OPERATIONS,CENTRAL_WEST,SOFTWARE,Budget,17136.0
202605,REVENUE,SALES,CENTRAL_WEST,CONSULTING,Actual,47823.72
202605,REVENUE,SALES,CENTRAL_WEST,CONSULTING,Budget,48552.0
202605,COGS,OPERATIONS,CENTRAL_WEST,CONSULTING,Actual,18899.93
202605,COGS,OPERATIONS,CENTRAL_WEST,CONSULTING,Budget,18449.76
202605,REVENUE,SALES,CENTRAL_WEST,SUPPORT,Actual,25446.96
202605,REVENUE,SALES,CENTRAL_WEST,SUPPORT,Budget,25704.0
202605,COGS,OPERATIONS,CENTRAL_WEST,SUPPORT,Actual,7939.45
202605,COGS,OPERATIONS,CENTRAL_WEST,SUPPORT,Budget,7711.2
202606,REVENUE,SALES,SOUTH,SOFTWARE,Actual,115864.32
202606,REVENUE,SALES,SOUTH,SOFTWARE,Budget,109824.0
202606,COGS,OPERATIONS,SOUTH,SOFTWARE,Actual,29545.4
202606,COGS,OPERATIONS,SOUTH,SOFTWARE,Budget,27456.0
202606,REVENUE,SALES,SOUTH,CONSULTING,Actual,80903.68
202606,REVENUE,SALES,SOUTH,CONSULTING,Budget,77792.0
202606,COGS,OPERATIONS,SOUTH,CONSULTING,Actual,31358.27
202606,COGS,OPERATIONS,SOUTH,CONSULTING,Budget,29560.96
202606,REVENUE,SALES,SOUTH,SUPPORT,Actual,43037.28
202606,REVENUE,SALES,SOUTH,SUPPORT,Budget,41184.0
202606,COGS,OPERATIONS,SOUTH,SUPPORT,Actual,13169.41
202606,COGS,OPERATIONS,SOUTH,SUPPORT,Budget,12355.2
202606,REVENUE,SALES,SOUTHEAST,SOFTWARE,Actual,244558.08
202606,REVENUE,SALES,SOUTHEAST,SOFTWARE,Budget,229632.0
202606,COGS,OPERATIONS,SOUTHEAST,SOFTWARE,Actual,62362.31
202606,COGS,OPERATIONS,SOUTHEAST,SOFTWARE,Budget,57408.0
202606,REVENUE,SALES,SOUTHEAST,CONSULTING,Actual,170788.8
202606,REVENUE,SALES,SOUTHEAST,CONSULTING,Budget,162656.0
202606,COGS,OPERATIONS,SOUTHEAST,CONSULTING,Actual,66197.74
202606,COGS,OPERATIONS,SOUTHEAST,CONSULTING,Budget,61809.28
202606,REVENUE,SALES,SOUTHEAST,SUPPORT,Actual,90848.16
202606,REVENUE,SALES,SOUTHEAST,SUPPORT,Budget,86112.0
202606,COGS,OPERATIONS,SOUTHEAST,SUPPORT,Actual,27799.54
202606,COGS,OPERATIONS,SOUTHEAST,SUPPORT,Budget,25833.6
202606,REVENUE,SALES,NORTHEAST,SOFTWARE,Actual,93450.24
202606,REVENUE,SALES,NORTHEAST,SOFTWARE,Budget,89856.0
202606,COGS,OPERATIONS,NORTHEAST,SOFTWARE,Actual,23829.81
202606,COGS,OPERATIONS,NORTHEAST,SOFTWARE,Budget,22464.0
202606,REVENUE,SALES,NORTHEAST,CONSULTING,Actual,65239.2
202606,REVENUE,SALES,NORTHEAST,CONSULTING,Budget,63648.0
202606,COGS,OPERATIONS,NORTHEAST,CONSULTING,Actual,25286.71
202606,COGS,OPERATIONS,NORTHEAST,CONSULTING,Budget,24186.24
202606,REVENUE,SALES,NORTHEAST,SUPPORT,Actual,34706.88
202606,REVENUE,SALES,NORTHEAST,SUPPORT,Budget,33696.0
202606,COGS,OPERATIONS,NORTHEAST,SUPPORT,Actual,10620.31
202606,COGS,OPERATIONS,NORTHEAST,SUPPORT,Budget,10108.8
202606,REVENUE,SALES,CENTRAL_WEST,SOFTWARE,Actual,73382.4
202606,REVENUE,SALES,CENTRAL_WEST,SOFTWARE,Budget,69888.0
202606,COGS,OPERATIONS,CENTRAL_WEST,SOFTWARE,Actual,18712.51
202606,COGS,OPERATIONS,CENTRAL_WEST,SOFTWARE,Budget,17472.0
202606,REVENUE,SALES,CENTRAL_WEST,CONSULTING,Actual,51236.64
202606,REVENUE,SALES,CENTRAL_WEST,CONSULTING,Budget,49504.0
202606,COGS,OPERATIONS,CENTRAL_WEST,CONSULTING,Actual,19859.32
202606,COGS,OPERATIONS,CENTRAL_WEST,CONSULTING,Budget,18811.52
202606,REVENUE,SALES,CENTRAL_WEST,SUPPORT,Actual,27256.32
202606,REVENUE,SALES,CENTRAL_WEST,SUPPORT,Budget,26208.0
202606,COGS,OPERATIONS,CENTRAL_WEST,SUPPORT,Actual,8340.43
202606,COGS,OPERATIONS,CENTRAL_WEST,SUPPORT,Budget,7862.4
202607,REVENUE,SALES,SOUTH,SOFTWARE,Actual,110388.96
202607,REVENUE,SALES,SOUTH,SOFTWARE,Budget,106656.0
202607,COGS,OPERATIONS,SOUTH,SOFTWARE,Actual,28425.16
202607,COGS,OPERATIONS,SOUTH,SOFTWARE,Budget,26664.0
202607,REVENUE,SALES,SOUTH,CONSULTING,Actual,77058.96
202607,REVENUE,SALES,SOUTH,CONSULTING,Budget,75548.0
202607,COGS,OPERATIONS,SOUTH,CONSULTING,Actual,30160.88
202607,COGS,OPERATIONS,SOUTH,CONSULTING,Budget,28708.24
202607,REVENUE,SALES,SOUTH,SUPPORT,Actual,40995.9
202607,REVENUE,SALES,SOUTH,SUPPORT,Budget,39996.0
202607,COGS,OPERATIONS,SOUTH,SUPPORT,Actual,12667.73
202607,COGS,OPERATIONS,SOUTH,SUPPORT,Budget,11998.8
202607,REVENUE,SALES,SOUTHEAST,SOFTWARE,Actual,233043.36
202607,REVENUE,SALES,SOUTHEAST,SOFTWARE,Budget,223008.0
202607,COGS,OPERATIONS,SOUTHEAST,SOFTWARE,Actual,60008.67
202607,COGS,OPERATIONS,SOUTHEAST,SOFTWARE,Budget,55752.0
202607,REVENUE,SALES,SOUTHEAST,CONSULTING,Actual,162702.92
202607,REVENUE,SALES,SOUTHEAST,CONSULTING,Budget,157964.0
202607,COGS,OPERATIONS,SOUTHEAST,CONSULTING,Actual,63681.92
202607,COGS,OPERATIONS,SOUTHEAST,CONSULTING,Budget,60026.32
202607,REVENUE,SALES,SOUTHEAST,SUPPORT,Actual,86554.98
202607,REVENUE,SALES,SOUTHEAST,SUPPORT,Budget,83628.0
202607,COGS,OPERATIONS,SOUTHEAST,SUPPORT,Actual,26745.49
202607,COGS,OPERATIONS,SOUTHEAST,SUPPORT,Budget,25088.4
202607,REVENUE,SALES,NORTHEAST,SOFTWARE,Actual,89009.28
202607,REVENUE,SALES,NORTHEAST,SOFTWARE,Budget,87264.0
202607,COGS,OPERATIONS,NORTHEAST,SOFTWARE,Actual,22919.89
202607,COGS,OPERATIONS,NORTHEAST,SOFTWARE,Budget,21816.0
202607,REVENUE,SALES,NORTHEAST,CONSULTING,Actual,62121.06
202607,REVENUE,SALES,NORTHEAST,CONSULTING,Budget,61812.0
202607,COGS,OPERATIONS,NORTHEAST,CONSULTING,Actual,24314.18
202607,COGS,OPERATIONS,NORTHEAST,CONSULTING,Budget,23488.56
202607,REVENUE,SALES,NORTHEAST,SUPPORT,Actual,33051.24
202607,REVENUE,SALES,NORTHEAST,SUPPORT,Budget,32724.0
202607,COGS,OPERATIONS,NORTHEAST,SUPPORT,Actual,10212.83
202607,COGS,OPERATIONS,NORTHEAST,SUPPORT,Budget,9817.2
202607,REVENUE,SALES,CENTRAL_WEST,SOFTWARE,Actual,69908.16
202607,REVENUE,SALES,CENTRAL_WEST,SOFTWARE,Budget,67872.0
202607,COGS,OPERATIONS,CENTRAL_WEST,SOFTWARE,Actual,18001.35
202607,COGS,OPERATIONS,CENTRAL_WEST,SOFTWARE,Budget,16968.0
202607,REVENUE,SALES,CENTRAL_WEST,CONSULTING,Actual,48797.14
202607,REVENUE,SALES,CENTRAL_WEST,CONSULTING,Budget,48076.0
202607,COGS,OPERATIONS,CENTRAL_WEST,CONSULTING,Actual,19099.2
202607,COGS,OPERATIONS,CENTRAL_WEST,CONSULTING,Budget,18268.88
202607,REVENUE,SALES,CENTRAL_WEST,SUPPORT,Actual,25961.04
202607,REVENUE,SALES,CENTRAL_WEST,SUPPORT,Budget,25452.0
202607,COGS,OPERATIONS,CENTRAL_WEST,SUPPORT,Actual,8021.96
202607,COGS,OPERATIONS,CENTRAL_WEST,SUPPORT,Budget,7635.6
202608,REVENUE,SALES,SOUTH,SOFTWARE,Actual,107136.48
202608,REVENUE,SALES,SOUTH,SOFTWARE,Budget,108768.0
202608,COGS,OPERATIONS,SOUTH,SOFTWARE,Actual,28123.33
202608,COGS,OPERATIONS,SOUTH,SOFTWARE,Budget,27192.0
202608,REVENUE,SALES,SOUTH,CONSULTING,Actual,74732.68
202608,REVENUE,SALES,SOUTH,CONSULTING,Budget,77044.0
202608,COGS,OPERATIONS,SOUTH,CONSULTING,Actual,29818.34
202608,COGS,OPERATIONS,SOUTH,CONSULTING,Budget,29276.72
202608,REVENUE,SALES,SOUTH,SUPPORT,Actual,39768.3
202608,REVENUE,SALES,SOUTH,SUPPORT,Budget,40788.0
202608,COGS,OPERATIONS,SOUTH,SUPPORT,Actual,12527.01
202608,COGS,OPERATIONS,SOUTH,SUPPORT,Budget,12236.4
202608,REVENUE,SALES,SOUTHEAST,SOFTWARE,Actual,226286.88
202608,REVENUE,SALES,SOUTHEAST,SOFTWARE,Budget,227424.0
202608,COGS,OPERATIONS,SOUTHEAST,SOFTWARE,Actual,59400.31
202608,COGS,OPERATIONS,SOUTHEAST,SOFTWARE,Budget,56856.0
202608,REVENUE,SALES,SOUTHEAST,CONSULTING,Actual,157870.16
202608,REVENUE,SALES,SOUTHEAST,CONSULTING,Budget,161092.0
202608,COGS,OPERATIONS,SOUTHEAST,CONSULTING,Actual,62990.19
202608,COGS,OPERATIONS,SOUTHEAST,CONSULTING,Budget,61214.96
202608,REVENUE,SALES,SOUTHEAST,SUPPORT,Actual,84004.74
202608,REVENUE,SALES,SOUTHEAST,SUPPORT,Budget,85284.0
202608,COGS,OPERATIONS,SOUTHEAST,SUPPORT,Actual,26461.49
202608,COGS,OPERATIONS,SOUTHEAST,SUPPORT,Budget,25585.2
202608,REVENUE,SALES,NORTHEAST,SOFTWARE,Actual,86322.24
202608,REVENUE,SALES,NORTHEAST,SOFTWARE,Budget,88992.0
202608,COGS,OPERATIONS,NORTHEAST,SOFTWARE,Actual,22659.59
202608,COGS,OPERATIONS,NORTHEAST,SOFTWARE,Budget,22248.0
202608,REVENUE,SALES,NORTHEAST,CONSULTING,Actual,60199.38
202608,REVENUE,SALES,NORTHEAST,CONSULTING,Budget,63036.0
202608,COGS,OPERATIONS,NORTHEAST,CONSULTING,Actual,24019.55
202608,COGS,OPERATIONS,NORTHEAST,CONSULTING,Budget,23953.68
202608,REVENUE,SALES,NORTHEAST,SUPPORT,Actual,32037.12
202608,REVENUE,SALES,NORTHEAST,SUPPORT,Budget,33372.0
202608,COGS,OPERATIONS,NORTHEAST,SUPPORT,Actual,10091.69
202608,COGS,OPERATIONS,NORTHEAST,SUPPORT,Budget,10011.6
202608,REVENUE,SALES,CENTRAL_WEST,SOFTWARE,Actual,67831.68
202608,REVENUE,SALES,CENTRAL_WEST,SOFTWARE,Budget,69216.0
202608,COGS,OPERATIONS,CENTRAL_WEST,SOFTWARE,Actual,17805.82
202608,COGS,OPERATIONS,CENTRAL_WEST,SOFTWARE,Budget,17304.0
202608,REVENUE,SALES,CENTRAL_WEST,CONSULTING,Actual,47312.02
202608,REVENUE,SALES,CENTRAL_WEST,CONSULTING,Budget,49028.0
202608,COGS,OPERATIONS,CENTRAL_WEST,CONSULTING,Actual,18877.5
202608,COGS,OPERATIONS,CENTRAL_WEST,CONSULTING,Budget,18630.64
202608,REVENUE,SALES,CENTRAL_WEST,SUPPORT,Actual,25177.32
202608,REVENUE,SALES,CENTRAL_WEST,SUPPORT,Budget,25956.0
202608,COGS,OPERATIONS,CENTRAL_WEST,SUPPORT,Actual,7930.86
202608,COGS,OPERATIONS,CENTRAL_WEST,SUPPORT,Budget,7786.8
202609,REVENUE,SALES,SOUTH,SOFTWARE,Actual,119211.84
202609,REVENUE,SALES,SOUTH,SOFTWARE,Budget,111936.0
202609,COGS,OPERATIONS,SOUTH,SOFTWARE,Actual,30100.99
202609,COGS,OPERATIONS,SOUTH,SOFTWARE,Budget,27984.0
202609,REVENUE,SALES,SOUTH,CONSULTING,Actual,83252.4
202609,REVENUE,SALES,SOUTH,CONSULTING,Budget,79288.0
202609,COGS,OPERATIONS,SOUTH,CONSULTING,Actual,31952.27
202609,COGS,OPERATIONS,SOUTH,CONSULTING,Budget,30129.44
202609,REVENUE,SALES,SOUTH,SUPPORT,Actual,44284.68
202609,REVENUE,SALES,SOUTH,SUPPORT,Budget,41976.0
202609,COGS,OPERATIONS,SOUTH,SUPPORT,Actual,13418.26
202609,COGS,OPERATIONS,SOUTH,SUPPORT,Budget,12592.8
202609,REVENUE,SALES,SOUTHEAST,SOFTWARE,Actual,251601.6
202609,REVENUE,SALES,SOUTHEAST,SOFTWARE,Budget,234048.0
202609,COGS,OPERATIONS,SOUTHEAST,SOFTWARE,Actual,63529.4
202609,COGS,OPERATIONS,SOUTHEAST,SOFTWARE,Budget,58512.0
202609,REVENUE,SALES,SOUTHEAST,CONSULTING,Actual,175731.04
202609,REVENUE,SALES,SOUTHEAST,CONSULTING,Budget,165784.0
202609,COGS,OPERATIONS,SOUTHEAST,CONSULTING,Actual,67445.57
202609,COGS,OPERATIONS,SOUTHEAST,CONSULTING,Budget,62997.92
202609,REVENUE,SALES,SOUTHEAST,SUPPORT,Actual,93472.92
202609,REVENUE,SALES,SOUTHEAST,SUPPORT,Budget,87768.0
202609,COGS,OPERATIONS,SOUTHEAST,SUPPORT,Actual,28322.29
202609,COGS,OPERATIONS,SOUTHEAST,SUPPORT,Budget,26330.4
202609,REVENUE,SALES,NORTHEAST,SOFTWARE,Actual,96163.2
202609,REVENUE,SALES,NORTHEAST,SOFTWARE,Budget,91584.0
202609,COGS,OPERATIONS,NORTHEAST,SOFTWARE,Actual,24281.21
202609,COGS,OPERATIONS,NORTHEAST,SOFTWARE,Budget,22896.0
202609,REVENUE,SALES,NORTHEAST,CONSULTING,Actual,67142.52
202609,REVENUE,SALES,NORTHEAST,CONSULTING,Budget,64872.0
202609,COGS,OPERATIONS,NORTHEAST,CONSULTING,Actual,25769.3
202609,COGS,OPERATIONS,NORTHEAST,CONSULTING,Budget,24651.36
202609,REVENUE,SALES,NORTHEAST,SUPPORT,Actual,35717.76
202609,REVENUE,SALES,NORTHEAST,SUPPORT,Budget,34344.0
202609,COGS,OPERATIONS,NORTHEAST,SUPPORT,Actual,10822.48
202609,COGS,OPERATIONS,NORTHEAST,SUPPORT,Budget,10303.2
202609,REVENUE,SALES,CENTRAL_WEST,SOFTWARE,Actual,75505.92
202609,REVENUE,SALES,CENTRAL_WEST,SOFTWARE,Budget,71232.0
202609,COGS,OPERATIONS,CENTRAL_WEST,SOFTWARE,Actual,19065.24
202609,COGS,OPERATIONS,CENTRAL_WEST,SOFTWARE,Budget,17808.0
202609,REVENUE,SALES,CENTRAL_WEST,CONSULTING,Actual,52726.52
202609,REVENUE,SALES,CENTRAL_WEST,CONSULTING,Budget,50456.0
202609,COGS,OPERATIONS,CENTRAL_WEST,CONSULTING,Actual,20236.44
202609,COGS,OPERATIONS,CENTRAL_WEST,CONSULTING,Budget,19173.28
202609,REVENUE,SALES,CENTRAL_WEST,SUPPORT,Actual,28047.6
202609,REVENUE,SALES,CENTRAL_WEST,SUPPORT,Budget,26712.0
202609,COGS,OPERATIONS,CENTRAL_WEST,SUPPORT,Actual,8498.42
202609,COGS,OPERATIONS,CENTRAL_WEST,SUPPORT,Budget,8013.6
202610,REVENUE,SALES,SOUTH,SOFTWARE,Actual,126033.6
202610,REVENUE,SALES,SOUTH,SOFTWARE,Budget,116160.0
202610,COGS,OPERATIONS,SOUTH,SOFTWARE,Actual,32138.57
202610,COGS,OPERATIONS,SOUTH,SOFTWARE,Budget,29040.0
202610,REVENUE,SALES,SOUTH,CONSULTING,Actual,88039.6
202610,REVENUE,SALES,SOUTH,CONSULTING,Budget,82280.0
202610,COGS,OPERATIONS,SOUTH,CONSULTING,Actual,34124.15
202610,COGS,OPERATIONS,SOUTH,CONSULTING,Budget,31266.4
202610,REVENUE,SALES,SOUTH,SUPPORT,Actual,46827.0
202610,REVENUE,SALES,SOUTH,SUPPORT,Budget,43560.0
202610,COGS,OPERATIONS,SOUTH,SUPPORT,Actual,14329.06
202610,COGS,OPERATIONS,SOUTH,SUPPORT,Budget,13068.0
202610,REVENUE,SALES,SOUTHEAST,SOFTWARE,Actual,265953.6
202610,REVENUE,SALES,SOUTHEAST,SOFTWARE,Budget,242880.0
202610,COGS,OPERATIONS,SOUTHEAST,SOFTWARE,Actual,67818.17
202610,COGS,OPERATIONS,SOUTHEAST,SOFTWARE,Budget,60720.0
202610,REVENUE,SALES,SOUTHEAST,CONSULTING,Actual,185803.2
202610,REVENUE,SALES,SOUTHEAST,CONSULTING,Budget,172040.0
202610,COGS,OPERATIONS,SOUTHEAST,CONSULTING,Actual,72017.32
202610,COGS,OPERATIONS,SOUTHEAST,CONSULTING,Budget,65375.2
202610,REVENUE,SALES,SOUTHEAST,SUPPORT,Actual,98821.8
202610,REVENUE,SALES,SOUTHEAST,SUPPORT,Budget,91080.0
202610,COGS,OPERATIONS,SOUTHEAST,SUPPORT,Actual,30239.47
202610,COGS,OPERATIONS,SOUTHEAST,SUPPORT,Budget,27324.0
202610,REVENUE,SALES,NORTHEAST,SOFTWARE,Actual,101692.8
202610,REVENUE,SALES,NORTHEAST,SOFTWARE,Budget,95040.0
202610,COGS,OPERATIONS,NORTHEAST,SOFTWARE,Actual,25931.66
202610,COGS,OPERATIONS,NORTHEAST,SOFTWARE,Budget,23760.0
202610,REVENUE,SALES,NORTHEAST,CONSULTING,Actual,71022.6
202610,REVENUE,SALES,NORTHEAST,CONSULTING,Budget,67320.0
202610,COGS,OPERATIONS,NORTHEAST,CONSULTING,Actual,27528.36
202610,COGS,OPERATIONS,NORTHEAST,CONSULTING,Budget,25581.6
202610,REVENUE,SALES,NORTHEAST,SUPPORT,Actual,37778.4
202610,REVENUE,SALES,NORTHEAST,SUPPORT,Budget,35640.0
202610,COGS,OPERATIONS,NORTHEAST,SUPPORT,Actual,11560.19
202610,COGS,OPERATIONS,NORTHEAST,SUPPORT,Budget,10692.0
202610,REVENUE,SALES,CENTRAL_WEST,SOFTWARE,Actual,79833.6
202610,REVENUE,SALES,CENTRAL_WEST,SOFTWARE,Budget,73920.0
202610,COGS,OPERATIONS,CENTRAL_WEST,SOFTWARE,Actual,20357.57
202610,COGS,OPERATIONS,CENTRAL_WEST,SOFTWARE,Budget,18480.0
202610,REVENUE,SALES,CENTRAL_WEST,CONSULTING,Actual,55763.4
202610,REVENUE,SALES,CENTRAL_WEST,CONSULTING,Budget,52360.0
202610,COGS,OPERATIONS,CENTRAL_WEST,CONSULTING,Actual,21613.89
202610,COGS,OPERATIONS,CENTRAL_WEST,CONSULTING,Budget,19896.8
202610,REVENUE,SALES,CENTRAL_WEST,SUPPORT,Actual,29660.4
202610,REVENUE,SALES,CENTRAL_WEST,SUPPORT,Budget,27720.0
202610,COGS,OPERATIONS,CENTRAL_WEST,SUPPORT,Actual,9076.08
202610,COGS,OPERATIONS,CENTRAL_WEST,SUPPORT,Budget,8316.0
202611,REVENUE,SALES,SOUTH,SOFTWARE,Actual,128119.2
202611,REVENUE,SALES,SOUTH,SOFTWARE,Budget,121440.0
202611,COGS,OPERATIONS,SOUTH,SOFTWARE,Actual,33310.99
202611,COGS,OPERATIONS,SOUTH,SOFTWARE,Budget,30360.0
202611,REVENUE,SALES,SOUTH,CONSULTING,Actual,89460.8
202611,REVENUE,SALES,SOUTH,CONSULTING,Budget,86020.0
202611,COGS,OPERATIONS,SOUTH,CONSULTING,Actual,35354.91
202611,COGS,OPERATIONS,SOUTH,CONSULTING,Budget,32687.6
202611,REVENUE,SALES,SOUTH,SUPPORT,Actual,47589.3
202611,REVENUE,SALES,SOUTH,SUPPORT,Budget,45540.0
202611,COGS,OPERATIONS,SOUTH,SUPPORT,Actual,14847.86
202611,COGS,OPERATIONS,SOUTH,SUPPORT,Budget,13662.0
202611,REVENUE,SALES,SOUTHEAST,SOFTWARE,Actual,270424.8
202611,REVENUE,SALES,SOUTHEAST,SOFTWARE,Budget,253920.0
202611,COGS,OPERATIONS,SOUTHEAST,SOFTWARE,Actual,70310.45
202611,COGS,OPERATIONS,SOUTHEAST,SOFTWARE,Budget,63480.0
202611,REVENUE,SALES,SOUTHEAST,CONSULTING,Actual,188853.0
202611,REVENUE,SALES,SOUTHEAST,CONSULTING,Budget,179860.0
202611,COGS,OPERATIONS,SOUTHEAST,CONSULTING,Actual,74634.71
202611,COGS,OPERATIONS,SOUTHEAST,CONSULTING,Budget,68346.8
202611,REVENUE,SALES,SOUTHEAST,SUPPORT,Actual,100457.1
202611,REVENUE,SALES,SOUTHEAST,SUPPORT,Budget,95220.0
202611,COGS,OPERATIONS,SOUTHEAST,SUPPORT,Actual,31342.62
202611,COGS,OPERATIONS,SOUTHEAST,SUPPORT,Budget,28566.0
202611,REVENUE,SALES,NORTHEAST,SOFTWARE,Actual,103334.4
202611,REVENUE,SALES,NORTHEAST,SOFTWARE,Budget,99360.0
202611,COGS,OPERATIONS,NORTHEAST,SOFTWARE,Actual,26866.94
202611,COGS,OPERATIONS,NORTHEAST,SOFTWARE,Budget,24840.0
202611,REVENUE,SALES,NORTHEAST,CONSULTING,Actual,72139.5
202611,REVENUE,SALES,NORTHEAST,CONSULTING,Budget,70380.0
202611,COGS,OPERATIONS,NORTHEAST,CONSULTING,Actual,28509.53
202611,COGS,OPERATIONS,NORTHEAST,CONSULTING,Budget,26744.4
202611,REVENUE,SALES,NORTHEAST,SUPPORT,Actual,38377.8
202611,REVENUE,SALES,NORTHEAST,SUPPORT,Budget,37260.0
202611,COGS,OPERATIONS,NORTHEAST,SUPPORT,Actual,11973.87
202611,COGS,OPERATIONS,NORTHEAST,SUPPORT,Budget,11178.0
202611,REVENUE,SALES,CENTRAL_WEST,SOFTWARE,Actual,81144.0
202611,REVENUE,SALES,CENTRAL_WEST,SOFTWARE,Budget,77280.0
202611,COGS,OPERATIONS,CENTRAL_WEST,SOFTWARE,Actual,21097.44
202611,COGS,OPERATIONS,CENTRAL_WEST,SOFTWARE,Budget,19320.0
202611,REVENUE,SALES,CENTRAL_WEST,CONSULTING,Actual,56655.9
202611,REVENUE,SALES,CENTRAL_WEST,CONSULTING,Budget,54740.0
202611,COGS,OPERATIONS,CENTRAL_WEST,CONSULTING,Actual,22390.41
202611,COGS,OPERATIONS,CENTRAL_WEST,CONSULTING,Budget,20801.2
202611,REVENUE,SALES,CENTRAL_WEST,SUPPORT,Actual,30139.2
202611,REVENUE,SALES,CENTRAL_WEST,SUPPORT,Budget,28980.0
202611,COGS,OPERATIONS,CENTRAL_WEST,SUPPORT,Actual,9403.43
202611,COGS,OPERATIONS,CENTRAL_WEST,SUPPORT,Budget,8694.0
202612,REVENUE,SALES,SOUTH,SOFTWARE,Actual,142359.36
202612,REVENUE,SALES,SOUTH,SOFTWARE,Budget,128832.0
202612,COGS,OPERATIONS,SOUTH,SOFTWARE,Actual,36657.54
202612,COGS,OPERATIONS,SOUTH,SOFTWARE,Budget,32208.0
202612,REVENUE,SALES,SOUTH,CONSULTING,Actual,99469.04
202612,REVENUE,SALES,SOUTH,CONSULTING,Budget,91256.0
202612,COGS,OPERATIONS,SOUTH,CONSULTING,Actual,38932.18
202612,COGS,OPERATIONS,SOUTH,CONSULTING,Budget,34677.28
202612,REVENUE,SALES,SOUTH,SUPPORT,Actual,52901.64
202612,REVENUE,SALES,SOUTH,SUPPORT,Budget,48312.0
202612,COGS,OPERATIONS,SOUTH,SUPPORT,Actual,16346.61
202612,COGS,OPERATIONS,SOUTH,SUPPORT,Budget,14493.6
202612,REVENUE,SALES,SOUTHEAST,SOFTWARE,Actual,300354.24
202612,REVENUE,SALES,SOUTHEAST,SOFTWARE,Budget,269376.0
202612,COGS,OPERATIONS,SOUTHEAST,SOFTWARE,Actual,77341.22
202612,COGS,OPERATIONS,SOUTHEAST,SOFTWARE,Budget,67344.0
202612,REVENUE,SALES,SOUTHEAST,CONSULTING,Actual,209888.8
202612,REVENUE,SALES,SOUTHEAST,CONSULTING,Budget,190808.0
202612,COGS,OPERATIONS,SOUTHEAST,CONSULTING,Actual,82150.48
202612,COGS,OPERATIONS,SOUTHEAST,CONSULTING,Budget,72507.04
202612,REVENUE,SALES,SOUTHEAST,SUPPORT,Actual,111622.68
202612,REVENUE,SALES,SOUTHEAST,SUPPORT,Budget,101016.0
202612,COGS,OPERATIONS,SOUTHEAST,SUPPORT,Actual,34491.41
202612,COGS,OPERATIONS,SOUTHEAST,SUPPORT,Budget,30304.8
202612,REVENUE,SALES,NORTHEAST,SOFTWARE,Actual,114894.72
202612,REVENUE,SALES,NORTHEAST,SOFTWARE,Budget,105408.0
202612,COGS,OPERATIONS,NORTHEAST,SOFTWARE,Actual,29585.39
202612,COGS,OPERATIONS,NORTHEAST,SOFTWARE,Budget,26352.0
202612,REVENUE,SALES,NORTHEAST,CONSULTING,Actual,80263.8
202612,REVENUE,SALES,NORTHEAST,CONSULTING,Budget,74664.0
202612,COGS,OPERATIONS,NORTHEAST,CONSULTING,Actual,31415.25
202612,COGS,OPERATIONS,NORTHEAST,CONSULTING,Budget,28372.32
202612,REVENUE,SALES,NORTHEAST,SUPPORT,Actual,42690.24
202612,REVENUE,SALES,NORTHEAST,SUPPORT,Budget,39528.0
202612,COGS,OPERATIONS,NORTHEAST,SUPPORT,Actual,13191.28
202612,COGS,OPERATIONS,NORTHEAST,SUPPORT,Budget,11858.4
202612,REVENUE,SALES,CENTRAL_WEST,SOFTWARE,Actual,90182.4
202612,REVENUE,SALES,CENTRAL_WEST,SOFTWARE,Budget,81984.0
202612,COGS,OPERATIONS,CENTRAL_WEST,SOFTWARE,Actual,23221.97
202612,COGS,OPERATIONS,CENTRAL_WEST,SOFTWARE,Budget,20496.0
202612,REVENUE,SALES,CENTRAL_WEST,CONSULTING,Actual,63008.12
202612,REVENUE,SALES,CENTRAL_WEST,CONSULTING,Budget,58072.0
202612,COGS,OPERATIONS,CENTRAL_WEST,CONSULTING,Actual,24661.38
202612,COGS,OPERATIONS,CENTRAL_WEST,CONSULTING,Budget,22067.36
202612,REVENUE,SALES,CENTRAL_WEST,SUPPORT,Actual,33510.96
202612,REVENUE,SALES,CENTRAL_WEST,SUPPORT,Budget,30744.0
202612,COGS,OPERATIONS,CENTRAL_WEST,SUPPORT,Actual,10354.89
202612,COGS,OPERATIONS,CENTRAL_WEST,SUPPORT,Budget,9223.2
202601,PERSONNEL,HR,SOUTH,SOFTWARE,Actual,23331.0
202601,PERSONNEL,HR,SOUTH,SOFTWARE,Budget,23100.0
202601,PERSONNEL,HR,SOUTHEAST,SOFTWARE,Actual,48783.0
202601,PERSONNEL,HR,SOUTHEAST,SOFTWARE,Budget,48300.0
202601,PERSONNEL,HR,NORTHEAST,SOFTWARE,Actual,19089.0
202601,PERSONNEL,HR,NORTHEAST,SOFTWARE,Budget,18900.0
202601,PERSONNEL,HR,CENTRAL_WEST,SOFTWARE,Actual,14847.0
202601,PERSONNEL,HR,CENTRAL_WEST,SOFTWARE,Budget,14700.0
202601,PERSONNEL,IT,SOUTH,SOFTWARE,Actual,29997.0
202601,PERSONNEL,IT,SOUTH,SOFTWARE,Budget,29700.0
202601,PERSONNEL,IT,SOUTHEAST,SOFTWARE,Actual,62721.0
202601,PERSONNEL,IT,SOUTHEAST,SOFTWARE,Budget,62100.0
202601,PERSONNEL,IT,NORTHEAST,SOFTWARE,Actual,24543.0
202601,PERSONNEL,IT,NORTHEAST,SOFTWARE,Budget,24300.0
202601,PERSONNEL,IT,CENTRAL_WEST,SOFTWARE,Actual,19089.0
202601,PERSONNEL,IT,CENTRAL_WEST,SOFTWARE,Budget,18900.0
202601,PERSONNEL,FINANCE,SOUTH,SOFTWARE,Actual,19998.0
202601,PERSONNEL,FINANCE,SOUTH,SOFTWARE,Budget,19800.0
202601,PERSONNEL,FINANCE,SOUTHEAST,SOFTWARE,Actual,41814.0
202601,PERSONNEL,FINANCE,SOUTHEAST,SOFTWARE,Budget,41400.0
202601,PERSONNEL,FINANCE,NORTHEAST,SOFTWARE,Actual,16362.0
202601,PERSONNEL,FINANCE,NORTHEAST,SOFTWARE,Budget,16200.0
202601,PERSONNEL,FINANCE,CENTRAL_WEST,SOFTWARE,Actual,12726.0
202601,PERSONNEL,FINANCE,CENTRAL_WEST,SOFTWARE,Budget,12600.0
202601,PERSONNEL,SALES,SOUTH,SOFTWARE,Actual,26664.0
202601,PERSONNEL,SALES,SOUTH,SOFTWARE,Budget,26400.0
202601,PERSONNEL,SALES,SOUTHEAST,SOFTWARE,Actual,55752.0
202601,PERSONNEL,SALES,SOUTHEAST,SOFTWARE,Budget,55200.0
202601,PERSONNEL,SALES,NORTHEAST,SOFTWARE,Actual,21816.0
202601,PERSONNEL,SALES,NORTHEAST,SOFTWARE,Budget,21600.0
202601,PERSONNEL,SALES,CENTRAL_WEST,SOFTWARE,Actual,16968.0
202601,PERSONNEL,SALES,CENTRAL_WEST,SOFTWARE,Budget,16800.0
202601,PERSONNEL,MARKETING,SOUTH,SOFTWARE,Actual,17776.0
202601,PERSONNEL,MARKETING,SOUTH,SOFTWARE,Budget,17600.0
202601,PERSONNEL,MARKETING,SOUTHEAST,SOFTWARE,Actual,37168.0
202601,PERSONNEL,MARKETING,SOUTHEAST,SOFTWARE,Budget,36800.0
202601,PERSONNEL,MARKETING,NORTHEAST,SOFTWARE,Actual,14544.0
202601,PERSONNEL,MARKETING,NORTHEAST,SOFTWARE,Budget,14400.0
202601,PERSONNEL,MARKETING,CENTRAL_WEST,SOFTWARE,Actual,11312.0
202601,PERSONNEL,MARKETING,CENTRAL_WEST,SOFTWARE,Budget,11200.0
202601,PERSONNEL,OPERATIONS,SOUTH,SOFTWARE,Actual,33330.0
202601,PERSONNEL,OPERATIONS,SOUTH,SOFTWARE,Budget,33000.0
202601,PERSONNEL,OPERATIONS,SOUTHEAST,SOFTWARE,Actual,69690.0
202601,PERSONNEL,OPERATIONS,SOUTHEAST,SOFTWARE,Budget,69000.0
202601,PERSONNEL,OPERATIONS,NORTHEAST,SOFTWARE,Actual,27270.0
202601,PERSONNEL,OPERATIONS,NORTHEAST,SOFTWARE,Budget,27000.0
202601,PERSONNEL,OPERATIONS,CENTRAL_WEST,SOFTWARE,Actual,21210.0
202601,PERSONNEL,OPERATIONS,CENTRAL_WEST,SOFTWARE,Budget,21000.0
202601,MARKETING,MARKETING,SOUTH,SOFTWARE,Actual,22664.4
202601,MARKETING,MARKETING,SOUTH,SOFTWARE,Budget,22440.0
202601,MARKETING,MARKETING,SOUTHEAST,SOFTWARE,Actual,47389.2
202601,MARKETING,MARKETING,SOUTHEAST,SOFTWARE,Budget,46920.0
202601,MARKETING,MARKETING,NORTHEAST,SOFTWARE,Actual,18543.6
202601,MARKETING,MARKETING,NORTHEAST,SOFTWARE,Budget,18360.0
202601,MARKETING,MARKETING,CENTRAL_WEST,SOFTWARE,Actual,14422.8
202601,MARKETING,MARKETING,CENTRAL_WEST,SOFTWARE,Budget,14280.0
202601,OTHER_OPEX,IT,SOUTH,SOFTWARE,Actual,9999.0
202601,OTHER_OPEX,IT,SOUTH,SOFTWARE,Budget,9900.0
202601,OTHER_OPEX,IT,SOUTHEAST,SOFTWARE,Actual,20907.0
202601,OTHER_OPEX,IT,SOUTHEAST,SOFTWARE,Budget,20700.0
202601,OTHER_OPEX,IT,NORTHEAST,SOFTWARE,Actual,8181.0
202601,OTHER_OPEX,IT,NORTHEAST,SOFTWARE,Budget,8100.0
202601,OTHER_OPEX,IT,CENTRAL_WEST,SOFTWARE,Actual,6363.0
202601,OTHER_OPEX,IT,CENTRAL_WEST,SOFTWARE,Budget,6300.0
202601,OTHER_OPEX,FINANCE,SOUTH,SOFTWARE,Actual,7777.0
202601,OTHER_OPEX,FINANCE,SOUTH,SOFTWARE,Budget,7700.0
202601,OTHER_OPEX,FINANCE,SOUTHEAST,SOFTWARE,Actual,16261.0
202601,OTHER_OPEX,FINANCE,SOUTHEAST,SOFTWARE,Budget,16100.0
202601,OTHER_OPEX,FINANCE,NORTHEAST,SOFTWARE,Actual,6363.0
202601,OTHER_OPEX,FINANCE,NORTHEAST,SOFTWARE,Budget,6300.0
202601,OTHER_OPEX,FINANCE,CENTRAL_WEST,SOFTWARE,Actual,4949.0
202601,OTHER_OPEX,FINANCE,CENTRAL_WEST,SOFTWARE,Budget,4900.0
202601,OTHER_OPEX,HR,SOUTH,SOFTWARE,Actual,5555.0
202601,OTHER_OPEX,HR,SOUTH,SOFTWARE,Budget,5500.0
202601,OTHER_OPEX,HR,SOUTHEAST,SOFTWARE,Actual,11615.0
202601,OTHER_OPEX,HR,SOUTHEAST,SOFTWARE,Budget,11500.0
202601,OTHER_OPEX,HR,NORTHEAST,SOFTWARE,Actual,4545.0
202601,OTHER_OPEX,HR,NORTHEAST,SOFTWARE,Budget,4500.0
202601,OTHER_OPEX,HR,CENTRAL_WEST,SOFTWARE,Actual,3535.0
202601,OTHER_OPEX,HR,CENTRAL_WEST,SOFTWARE,Budget,3500.0
202601,OTHER_OPEX,OPERATIONS,SOUTH,SOFTWARE,Actual,15554.0
202601,OTHER_OPEX,OPERATIONS,SOUTH,SOFTWARE,Budget,15400.0
202601,OTHER_OPEX,OPERATIONS,SOUTHEAST,SOFTWARE,Actual,32522.0
202601,OTHER_OPEX,OPERATIONS,SOUTHEAST,SOFTWARE,Budget,32200.0
202601,OTHER_OPEX,OPERATIONS,NORTHEAST,SOFTWARE,Actual,12726.0
202601,OTHER_OPEX,OPERATIONS,NORTHEAST,SOFTWARE,Budget,12600.0
202601,OTHER_OPEX,OPERATIONS,CENTRAL_WEST,SOFTWARE,Actual,9898.0
202601,OTHER_OPEX,OPERATIONS,CENTRAL_WEST,SOFTWARE,Budget,9800.0
202602,PERSONNEL,HR,SOUTH,SOFTWARE,Actual,23100.0
202602,PERSONNEL,HR,SOUTH,SOFTWARE,Budget,23100.0
202602,PERSONNEL,HR,SOUTHEAST,SOFTWARE,Actual,48300.0
202602,PERSONNEL,HR,SOUTHEAST,SOFTWARE,Budget,48300.0
202602,PERSONNEL,HR,NORTHEAST,SOFTWARE,Actual,18900.0
202602,PERSONNEL,HR,NORTHEAST,SOFTWARE,Budget,18900.0
202602,PERSONNEL,HR,CENTRAL_WEST,SOFTWARE,Actual,14700.0
202602,PERSONNEL,HR,CENTRAL_WEST,SOFTWARE,Budget,14700.0
202602,PERSONNEL,IT,SOUTH,SOFTWARE,Actual,29700.0
202602,PERSONNEL,IT,SOUTH,SOFTWARE,Budget,29700.0
202602,PERSONNEL,IT,SOUTHEAST,SOFTWARE,Actual,62100.0
202602,PERSONNEL,IT,SOUTHEAST,SOFTWARE,Budget,62100.0
202602,PERSONNEL,IT,NORTHEAST,SOFTWARE,Actual,24300.0
202602,PERSONNEL,IT,NORTHEAST,SOFTWARE,Budget,24300.0
202602,PERSONNEL,IT,CENTRAL_WEST,SOFTWARE,Actual,18900.0
202602,PERSONNEL,IT,CENTRAL_WEST,SOFTWARE,Budget,18900.0
202602,PERSONNEL,FINANCE,SOUTH,SOFTWARE,Actual,19800.0
202602,PERSONNEL,FINANCE,SOUTH,SOFTWARE,Budget,19800.0
202602,PERSONNEL,FINANCE,SOUTHEAST,SOFTWARE,Actual,41400.0
202602,PERSONNEL,FINANCE,SOUTHEAST,SOFTWARE,Budget,41400.0
202602,PERSONNEL,FINANCE,NORTHEAST,SOFTWARE,Actual,16200.0
202602,PERSONNEL,FINANCE,NORTHEAST,SOFTWARE,Budget,16200.0
202602,PERSONNEL,FINANCE,CENTRAL_WEST,SOFTWARE,Actual,12600.0
202602,PERSONNEL,FINANCE,CENTRAL_WEST,SOFTWARE,Budget,12600.0
202602,PERSONNEL,SALES,SOUTH,SOFTWARE,Actual,26400.0
202602,PERSONNEL,SALES,SOUTH,SOFTWARE,Budget,26400.0
202602,PERSONNEL,SALES,SOUTHEAST,SOFTWARE,Actual,55200.0
202602,PERSONNEL,SALES,SOUTHEAST,SOFTWARE,Budget,55200.0
202602,PERSONNEL,SALES,NORTHEAST,SOFTWARE,Actual,21600.0
202602,PERSONNEL,SALES,NORTHEAST,SOFTWARE,Budget,21600.0
202602,PERSONNEL,SALES,CENTRAL_WEST,SOFTWARE,Actual,16800.0
202602,PERSONNEL,SALES,CENTRAL_WEST,SOFTWARE,Budget,16800.0
202602,PERSONNEL,MARKETING,SOUTH,SOFTWARE,Actual,17600.0
202602,PERSONNEL,MARKETING,SOUTH,SOFTWARE,Budget,17600.0
202602,PERSONNEL,MARKETING,SOUTHEAST,SOFTWARE,Actual,36800.0
202602,PERSONNEL,MARKETING,SOUTHEAST,SOFTWARE,Budget,36800.0
202602,PERSONNEL,MARKETING,NORTHEAST,SOFTWARE,Actual,14400.0
202602,PERSONNEL,MARKETING,NORTHEAST,SOFTWARE,Budget,14400.0
202602,PERSONNEL,MARKETING,CENTRAL_WEST,SOFTWARE,Actual,11200.0
202602,PERSONNEL,MARKETING,CENTRAL_WEST,SOFTWARE,Budget,11200.0
202602,PERSONNEL,OPERATIONS,SOUTH,SOFTWARE,Actual,33000.0
202602,PERSONNEL,OPERATIONS,SOUTH,SOFTWARE,Budget,33000.0
202602,PERSONNEL,OPERATIONS,SOUTHEAST,SOFTWARE,Actual,69000.0
202602,PERSONNEL,OPERATIONS,SOUTHEAST,SOFTWARE,Budget,69000.0
202602,PERSONNEL,OPERATIONS,NORTHEAST,SOFTWARE,Actual,27000.0
202602,PERSONNEL,OPERATIONS,NORTHEAST,SOFTWARE,Budget,27000.0
202602,PERSONNEL,OPERATIONS,CENTRAL_WEST,SOFTWARE,Actual,21000.0
202602,PERSONNEL,OPERATIONS,CENTRAL_WEST,SOFTWARE,Budget,21000.0
202602,MARKETING,MARKETING,SOUTH,SOFTWARE,Actual,23760.0
202602,MARKETING,MARKETING,SOUTH,SOFTWARE,Budget,23760.0
202602,MARKETING,MARKETING,SOUTHEAST,SOFTWARE,Actual,49680.0
202602,MARKETING,MARKETING,SOUTHEAST,SOFTWARE,Budget,49680.0
202602,MARKETING,MARKETING,NORTHEAST,SOFTWARE,Actual,19440.0
202602,MARKETING,MARKETING,NORTHEAST,SOFTWARE,Budget,19440.0
202602,MARKETING,MARKETING,CENTRAL_WEST,SOFTWARE,Actual,15120.0
202602,MARKETING,MARKETING,CENTRAL_WEST,SOFTWARE,Budget,15120.0
202602,OTHER_OPEX,IT,SOUTH,SOFTWARE,Actual,9900.0
202602,OTHER_OPEX,IT,SOUTH,SOFTWARE,Budget,9900.0
202602,OTHER_OPEX,IT,SOUTHEAST,SOFTWARE,Actual,20700.0
202602,OTHER_OPEX,IT,SOUTHEAST,SOFTWARE,Budget,20700.0
202602,OTHER_OPEX,IT,NORTHEAST,SOFTWARE,Actual,8100.0
202602,OTHER_OPEX,IT,NORTHEAST,SOFTWARE,Budget,8100.0
202602,OTHER_OPEX,IT,CENTRAL_WEST,SOFTWARE,Actual,6300.0
202602,OTHER_OPEX,IT,CENTRAL_WEST,SOFTWARE,Budget,6300.0
202602,OTHER_OPEX,FINANCE,SOUTH,SOFTWARE,Actual,7700.0
202602,OTHER_OPEX,FINANCE,SOUTH,SOFTWARE,Budget,7700.0
202602,OTHER_OPEX,FINANCE,SOUTHEAST,SOFTWARE,Actual,16100.0
202602,OTHER_OPEX,FINANCE,SOUTHEAST,SOFTWARE,Budget,16100.0
202602,OTHER_OPEX,FINANCE,NORTHEAST,SOFTWARE,Actual,6300.0
202602,OTHER_OPEX,FINANCE,NORTHEAST,SOFTWARE,Budget,6300.0
202602,OTHER_OPEX,FINANCE,CENTRAL_WEST,SOFTWARE,Actual,4900.0
202602,OTHER_OPEX,FINANCE,CENTRAL_WEST,SOFTWARE,Budget,4900.0
202602,OTHER_OPEX,HR,SOUTH,SOFTWARE,Actual,5500.0
202602,OTHER_OPEX,HR,SOUTH,SOFTWARE,Budget,5500.0
202602,OTHER_OPEX,HR,SOUTHEAST,SOFTWARE,Actual,11500.0
202602,OTHER_OPEX,HR,SOUTHEAST,SOFTWARE,Budget,11500.0
202602,OTHER_OPEX,HR,NORTHEAST,SOFTWARE,Actual,4500.0
202602,OTHER_OPEX,HR,NORTHEAST,SOFTWARE,Budget,4500.0
202602,OTHER_OPEX,HR,CENTRAL_WEST,SOFTWARE,Actual,3500.0
202602,OTHER_OPEX,HR,CENTRAL_WEST,SOFTWARE,Budget,3500.0
202602,OTHER_OPEX,OPERATIONS,SOUTH,SOFTWARE,Actual,15400.0
202602,OTHER_OPEX,OPERATIONS,SOUTH,SOFTWARE,Budget,15400.0
202602,OTHER_OPEX,OPERATIONS,SOUTHEAST,SOFTWARE,Actual,32200.0
202602,OTHER_OPEX,OPERATIONS,SOUTHEAST,SOFTWARE,Budget,32200.0
202602,OTHER_OPEX,OPERATIONS,NORTHEAST,SOFTWARE,Actual,12600.0
202602,OTHER_OPEX,OPERATIONS,NORTHEAST,SOFTWARE,Budget,12600.0
202602,OTHER_OPEX,OPERATIONS,CENTRAL_WEST,SOFTWARE,Actual,9800.0
202602,OTHER_OPEX,OPERATIONS,CENTRAL_WEST,SOFTWARE,Budget,9800.0
202603,PERSONNEL,HR,SOUTH,SOFTWARE,Actual,23562.0
202603,PERSONNEL,HR,SOUTH,SOFTWARE,Budget,23100.0
202603,PERSONNEL,HR,SOUTHEAST,SOFTWARE,Actual,49266.0
202603,PERSONNEL,HR,SOUTHEAST,SOFTWARE,Budget,48300.0
202603,PERSONNEL,HR,NORTHEAST,SOFTWARE,Actual,19278.0
202603,PERSONNEL,HR,NORTHEAST,SOFTWARE,Budget,18900.0
202603,PERSONNEL,HR,CENTRAL_WEST,SOFTWARE,Actual,14994.0
202603,PERSONNEL,HR,CENTRAL_WEST,SOFTWARE,Budget,14700.0
202603,PERSONNEL,IT,SOUTH,SOFTWARE,Actual,30294.0
202603,PERSONNEL,IT,SOUTH,SOFTWARE,Budget,29700.0
202603,PERSONNEL,IT,SOUTHEAST,SOFTWARE,Actual,63342.0
202603,PERSONNEL,IT,SOUTHEAST,SOFTWARE,Budget,62100.0
202603,PERSONNEL,IT,NORTHEAST,SOFTWARE,Actual,24786.0
202603,PERSONNEL,IT,NORTHEAST,SOFTWARE,Budget,24300.0
202603,PERSONNEL,IT,CENTRAL_WEST,SOFTWARE,Actual,19278.0
202603,PERSONNEL,IT,CENTRAL_WEST,SOFTWARE,Budget,18900.0
202603,PERSONNEL,FINANCE,SOUTH,SOFTWARE,Actual,20196.0
202603,PERSONNEL,FINANCE,SOUTH,SOFTWARE,Budget,19800.0
202603,PERSONNEL,FINANCE,SOUTHEAST,SOFTWARE,Actual,42228.0
202603,PERSONNEL,FINANCE,SOUTHEAST,SOFTWARE,Budget,41400.0
202603,PERSONNEL,FINANCE,NORTHEAST,SOFTWARE,Actual,16524.0
202603,PERSONNEL,FINANCE,NORTHEAST,SOFTWARE,Budget,16200.0
202603,PERSONNEL,FINANCE,CENTRAL_WEST,SOFTWARE,Actual,12852.0
202603,PERSONNEL,FINANCE,CENTRAL_WEST,SOFTWARE,Budget,12600.0
202603,PERSONNEL,SALES,SOUTH,SOFTWARE,Actual,26928.0
202603,PERSONNEL,SALES,SOUTH,SOFTWARE,Budget,26400.0
202603,PERSONNEL,SALES,SOUTHEAST,SOFTWARE,Actual,56304.0
202603,PERSONNEL,SALES,SOUTHEAST,SOFTWARE,Budget,55200.0
202603,PERSONNEL,SALES,NORTHEAST,SOFTWARE,Actual,22032.0
202603,PERSONNEL,SALES,NORTHEAST,SOFTWARE,Budget,21600.0
202603,PERSONNEL,SALES,CENTRAL_WEST,SOFTWARE,Actual,17136.0
202603,PERSONNEL,SALES,CENTRAL_WEST,SOFTWARE,Budget,16800.0
202603,PERSONNEL,MARKETING,SOUTH,SOFTWARE,Actual,17952.0
202603,PERSONNEL,MARKETING,SOUTH,SOFTWARE,Budget,17600.0
202603,PERSONNEL,MARKETING,SOUTHEAST,SOFTWARE,Actual,37536.0
202603,PERSONNEL,MARKETING,SOUTHEAST,SOFTWARE,Budget,36800.0
202603,PERSONNEL,MARKETING,NORTHEAST,SOFTWARE,Actual,14688.0
202603,PERSONNEL,MARKETING,NORTHEAST,SOFTWARE,Budget,14400.0
202603,PERSONNEL,MARKETING,CENTRAL_WEST,SOFTWARE,Actual,11424.0
202603,PERSONNEL,MARKETING,CENTRAL_WEST,SOFTWARE,Budget,11200.0
202603,PERSONNEL,OPERATIONS,SOUTH,SOFTWARE,Actual,33660.0
202603,PERSONNEL,OPERATIONS,SOUTH,SOFTWARE,Budget,33000.0
202603,PERSONNEL,OPERATIONS,SOUTHEAST,SOFTWARE,Actual,70380.0
202603,PERSONNEL,OPERATIONS,SOUTHEAST,SOFTWARE,Budget,69000.0
202603,PERSONNEL,OPERATIONS,NORTHEAST,SOFTWARE,Actual,27540.0
202603,PERSONNEL,OPERATIONS,NORTHEAST,SOFTWARE,Budget,27000.0
202603,PERSONNEL,OPERATIONS,CENTRAL_WEST,SOFTWARE,Actual,21420.0
202603,PERSONNEL,OPERATIONS,CENTRAL_WEST,SOFTWARE,Budget,21000.0
202603,MARKETING,MARKETING,SOUTH,SOFTWARE,Actual,25581.6
202603,MARKETING,MARKETING,SOUTH,SOFTWARE,Budget,25080.0
202603,MARKETING,MARKETING,SOUTHEAST,SOFTWARE,Actual,53488.8
202603,MARKETING,MARKETING,SOUTHEAST,SOFTWARE,Budget,52440.0
202603,MARKETING,MARKETING,NORTHEAST,SOFTWARE,Actual,20930.4
202603,MARKETING,MARKETING,NORTHEAST,SOFTWARE,Budget,20520.0
202603,MARKETING,MARKETING,CENTRAL_WEST,SOFTWARE,Actual,16279.2
202603,MARKETING,MARKETING,CENTRAL_WEST,SOFTWARE,Budget,15960.0
202603,OTHER_OPEX,IT,SOUTH,SOFTWARE,Actual,10098.0
202603,OTHER_OPEX,IT,SOUTH,SOFTWARE,Budget,9900.0
202603,OTHER_OPEX,IT,SOUTHEAST,SOFTWARE,Actual,21114.0
202603,OTHER_OPEX,IT,SOUTHEAST,SOFTWARE,Budget,20700.0
202603,OTHER_OPEX,IT,NORTHEAST,SOFTWARE,Actual,8262.0
202603,OTHER_OPEX,IT,NORTHEAST,SOFTWARE,Budget,8100.0
202603,OTHER_OPEX,IT,CENTRAL_WEST,SOFTWARE,Actual,6426.0
202603,OTHER_OPEX,IT,CENTRAL_WEST,SOFTWARE,Budget,6300.0
202603,OTHER_OPEX,FINANCE,SOUTH,SOFTWARE,Actual,7854.0
202603,OTHER_OPEX,FINANCE,SOUTH,SOFTWARE,Budget,7700.0
202603,OTHER_OPEX,FINANCE,SOUTHEAST,SOFTWARE,Actual,16422.0
202603,OTHER_OPEX,FINANCE,SOUTHEAST,SOFTWARE,Budget,16100.0
202603,OTHER_OPEX,FINANCE,NORTHEAST,SOFTWARE,Actual,6426.0
202603,OTHER_OPEX,FINANCE,NORTHEAST,SOFTWARE,Budget,6300.0
202603,OTHER_OPEX,FINANCE,CENTRAL_WEST,SOFTWARE,Actual,4998.0
202603,OTHER_OPEX,FINANCE,CENTRAL_WEST,SOFTWARE,Budget,4900.0
202603,OTHER_OPEX,HR,SOUTH,SOFTWARE,Actual,5610.0
202603,OTHER_OPEX,HR,SOUTH,SOFTWARE,Budget,5500.0
202603,OTHER_OPEX,HR,SOUTHEAST,SOFTWARE,Actual,11730.0
202603,OTHER_OPEX,HR,SOUTHEAST,SOFTWARE,Budget,11500.0
202603,OTHER_OPEX,HR,NORTHEAST,SOFTWARE,Actual,4590.0
202603,OTHER_OPEX,HR,NORTHEAST,SOFTWARE,Budget,4500.0
202603,OTHER_OPEX,HR,CENTRAL_WEST,SOFTWARE,Actual,3570.0
202603,OTHER_OPEX,HR,CENTRAL_WEST,SOFTWARE,Budget,3500.0
202603,OTHER_OPEX,OPERATIONS,SOUTH,SOFTWARE,Actual,15708.0
202603,OTHER_OPEX,OPERATIONS,SOUTH,SOFTWARE,Budget,15400.0
202603,OTHER_OPEX,OPERATIONS,SOUTHEAST,SOFTWARE,Actual,32844.0
202603,OTHER_OPEX,OPERATIONS,SOUTHEAST,SOFTWARE,Budget,32200.0
202603,OTHER_OPEX,OPERATIONS,NORTHEAST,SOFTWARE,Actual,12852.0
202603,OTHER_OPEX,OPERATIONS,NORTHEAST,SOFTWARE,Budget,12600.0
202603,OTHER_OPEX,OPERATIONS,CENTRAL_WEST,SOFTWARE,Actual,9996.0
202603,OTHER_OPEX,OPERATIONS,CENTRAL_WEST,SOFTWARE,Budget,9800.0
202604,PERSONNEL,HR,SOUTH,SOFTWARE,Actual,23793.0
202604,PERSONNEL,HR,SOUTH,SOFTWARE,Budget,23100.0
202604,PERSONNEL,HR,SOUTHEAST,SOFTWARE,Actual,49749.0
202604,PERSONNEL,HR,SOUTHEAST,SOFTWARE,Budget,48300.0
202604,PERSONNEL,HR,NORTHEAST,SOFTWARE,Actual,19467.0
202604,PERSONNEL,HR,NORTHEAST,SOFTWARE,Budget,18900.0
202604,PERSONNEL,HR,CENTRAL_WEST,SOFTWARE,Actual,15141.0
202604,PERSONNEL,HR,CENTRAL_WEST,SOFTWARE,Budget,14700.0
202604,PERSONNEL,IT,SOUTH,SOFTWARE,Actual,30591.0
202604,PERSONNEL,IT,SOUTH,SOFTWARE,Budget,29700.0
202604,PERSONNEL,IT,SOUTHEAST,SOFTWARE,Actual,63963.0
202604,PERSONNEL,IT,SOUTHEAST,SOFTWARE,Budget,62100.0
202604,PERSONNEL,IT,NORTHEAST,SOFTWARE,Actual,25029.0
202604,PERSONNEL,IT,NORTHEAST,SOFTWARE,Budget,24300.0
202604,PERSONNEL,IT,CENTRAL_WEST,SOFTWARE,Actual,19467.0
202604,PERSONNEL,IT,CENTRAL_WEST,SOFTWARE,Budget,18900.0
202604,PERSONNEL,FINANCE,SOUTH,SOFTWARE,Actual,20394.0
202604,PERSONNEL,FINANCE,SOUTH,SOFTWARE,Budget,19800.0
202604,PERSONNEL,FINANCE,SOUTHEAST,SOFTWARE,Actual,42642.0
202604,PERSONNEL,FINANCE,SOUTHEAST,SOFTWARE,Budget,41400.0
202604,PERSONNEL,FINANCE,NORTHEAST,SOFTWARE,Actual,16686.0
202604,PERSONNEL,FINANCE,NORTHEAST,SOFTWARE,Budget,16200.0
202604,PERSONNEL,FINANCE,CENTRAL_WEST,SOFTWARE,Actual,12978.0
202604,PERSONNEL,FINANCE,CENTRAL_WEST,SOFTWARE,Budget,12600.0
202604,PERSONNEL,SALES,SOUTH,SOFTWARE,Actual,27192.0
202604,PERSONNEL,SALES,SOUTH,SOFTWARE,Budget,26400.0
202604,PERSONNEL,SALES,SOUTHEAST,SOFTWARE,Actual,56856.0
202604,PERSONNEL,SALES,SOUTHEAST,SOFTWARE,Budget,55200.0
202604,PERSONNEL,SALES,NORTHEAST,SOFTWARE,Actual,22248.0
202604,PERSONNEL,SALES,NORTHEAST,SOFTWARE,Budget,21600.0
202604,PERSONNEL,SALES,CENTRAL_WEST,SOFTWARE,Actual,17304.0
202604,PERSONNEL,SALES,CENTRAL_WEST,SOFTWARE,Budget,16800.0
202604,PERSONNEL,MARKETING,SOUTH,SOFTWARE,Actual,18128.0
202604,PERSONNEL,MARKETING,SOUTH,SOFTWARE,Budget,17600.0
202604,PERSONNEL,MARKETING,SOUTHEAST,SOFTWARE,Actual,37904.0
202604,PERSONNEL,MARKETING,SOUTHEAST,SOFTWARE,Budget,36800.0
202604,PERSONNEL,MARKETING,NORTHEAST,SOFTWARE,Actual,14832.0
202604,PERSONNEL,MARKETING,NORTHEAST,SOFTWARE,Budget,14400.0
202604,PERSONNEL,MARKETING,CENTRAL_WEST,SOFTWARE,Actual,11536.0
202604,PERSONNEL,MARKETING,CENTRAL_WEST,SOFTWARE,Budget,11200.0
202604,PERSONNEL,OPERATIONS,SOUTH,SOFTWARE,Actual,33990.0
202604,PERSONNEL,OPERATIONS,SOUTH,SOFTWARE,Budget,33000.0
202604,PERSONNEL,OPERATIONS,SOUTHEAST,SOFTWARE,Actual,71070.0
202604,PERSONNEL,OPERATIONS,SOUTHEAST,SOFTWARE,Budget,69000.0
202604,PERSONNEL,OPERATIONS,NORTHEAST,SOFTWARE,Actual,27810.0
202604,PERSONNEL,OPERATIONS,NORTHEAST,SOFTWARE,Budget,27000.0
202604,PERSONNEL,OPERATIONS,CENTRAL_WEST,SOFTWARE,Actual,21630.0
202604,PERSONNEL,OPERATIONS,CENTRAL_WEST,SOFTWARE,Budget,21000.0
202604,MARKETING,MARKETING,SOUTH,SOFTWARE,Actual,27192.0
202604,MARKETING,MARKETING,SOUTH,SOFTWARE,Budget,26400.0
202604,MARKETING,MARKETING,SOUTHEAST,SOFTWARE,Actual,56856.0
202604,MARKETING,MARKETING,SOUTHEAST,SOFTWARE,Budget,55200.0
202604,MARKETING,MARKETING,NORTHEAST,SOFTWARE,Actual,22248.0
202604,MARKETING,MARKETING,NORTHEAST,SOFTWARE,Budget,21600.0
202604,MARKETING,MARKETING,CENTRAL_WEST,SOFTWARE,Actual,17304.0
202604,MARKETING,MARKETING,CENTRAL_WEST,SOFTWARE,Budget,16800.0
202604,OTHER_OPEX,IT,SOUTH,SOFTWARE,Actual,10197.0
202604,OTHER_OPEX,IT,SOUTH,SOFTWARE,Budget,9900.0
202604,OTHER_OPEX,IT,SOUTHEAST,SOFTWARE,Actual,21321.0
202604,OTHER_OPEX,IT,SOUTHEAST,SOFTWARE,Budget,20700.0
202604,OTHER_OPEX,IT,NORTHEAST,SOFTWARE,Actual,8343.0
202604,OTHER_OPEX,IT,NORTHEAST,SOFTWARE,Budget,8100.0
202604,OTHER_OPEX,IT,CENTRAL_WEST,SOFTWARE,Actual,6489.0
202604,OTHER_OPEX,IT,CENTRAL_WEST,SOFTWARE,Budget,6300.0
202604,OTHER_OPEX,FINANCE,SOUTH,SOFTWARE,Actual,7931.0
202604,OTHER_OPEX,FINANCE,SOUTH,SOFTWARE,Budget,7700.0
202604,OTHER_OPEX,FINANCE,SOUTHEAST,SOFTWARE,Actual,16583.0
202604,OTHER_OPEX,FINANCE,SOUTHEAST,SOFTWARE,Budget,16100.0
202604,OTHER_OPEX,FINANCE,NORTHEAST,SOFTWARE,Actual,6489.0
202604,OTHER_OPEX,FINANCE,NORTHEAST,SOFTWARE,Budget,6300.0
202604,OTHER_OPEX,FINANCE,CENTRAL_WEST,SOFTWARE,Actual,5047.0
202604,OTHER_OPEX,FINANCE,CENTRAL_WEST,SOFTWARE,Budget,4900.0
202604,OTHER_OPEX,HR,SOUTH,SOFTWARE,Actual,5665.0
202604,OTHER_OPEX,HR,SOUTH,SOFTWARE,Budget,5500.0
202604,OTHER_OPEX,HR,SOUTHEAST,SOFTWARE,Actual,11845.0
202604,OTHER_OPEX,HR,SOUTHEAST,SOFTWARE,Budget,11500.0
202604,OTHER_OPEX,HR,NORTHEAST,SOFTWARE,Actual,4635.0
202604,OTHER_OPEX,HR,NORTHEAST,SOFTWARE,Budget,4500.0
202604,OTHER_OPEX,HR,CENTRAL_WEST,SOFTWARE,Actual,3605.0
202604,OTHER_OPEX,HR,CENTRAL_WEST,SOFTWARE,Budget,3500.0
202604,OTHER_OPEX,OPERATIONS,SOUTH,SOFTWARE,Actual,15862.0
202604,OTHER_OPEX,OPERATIONS,SOUTH,SOFTWARE,Budget,15400.0
202604,OTHER_OPEX,OPERATIONS,SOUTHEAST,SOFTWARE,Actual,33166.0
202604,OTHER_OPEX,OPERATIONS,SOUTHEAST,SOFTWARE,Budget,32200.0
202604,OTHER_OPEX,OPERATIONS,NORTHEAST,SOFTWARE,Actual,12978.0
202604,OTHER_OPEX,OPERATIONS,NORTHEAST,SOFTWARE,Budget,12600.0
202604,OTHER_OPEX,OPERATIONS,CENTRAL_WEST,SOFTWARE,Actual,10094.0
202604,OTHER_OPEX,OPERATIONS,CENTRAL_WEST,SOFTWARE,Budget,9800.0
202605,PERSONNEL,HR,SOUTH,SOFTWARE,Actual,23331.0
202605,PERSONNEL,HR,SOUTH,SOFTWARE,Budget,23100.0
202605,PERSONNEL,HR,SOUTHEAST,SOFTWARE,Actual,48783.0
202605,PERSONNEL,HR,SOUTHEAST,SOFTWARE,Budget,48300.0
202605,PERSONNEL,HR,NORTHEAST,SOFTWARE,Actual,19089.0
202605,PERSONNEL,HR,NORTHEAST,SOFTWARE,Budget,18900.0
202605,PERSONNEL,HR,CENTRAL_WEST,SOFTWARE,Actual,14847.0
202605,PERSONNEL,HR,CENTRAL_WEST,SOFTWARE,Budget,14700.0
202605,PERSONNEL,IT,SOUTH,SOFTWARE,Actual,29997.0
202605,PERSONNEL,IT,SOUTH,SOFTWARE,Budget,29700.0
202605,PERSONNEL,IT,SOUTHEAST,SOFTWARE,Actual,62721.0
202605,PERSONNEL,IT,SOUTHEAST,SOFTWARE,Budget,62100.0
202605,PERSONNEL,IT,NORTHEAST,SOFTWARE,Actual,24543.0
202605,PERSONNEL,IT,NORTHEAST,SOFTWARE,Budget,24300.0
202605,PERSONNEL,IT,CENTRAL_WEST,SOFTWARE,Actual,19089.0
202605,PERSONNEL,IT,CENTRAL_WEST,SOFTWARE,Budget,18900.0
202605,PERSONNEL,FINANCE,SOUTH,SOFTWARE,Actual,19998.0
202605,PERSONNEL,FINANCE,SOUTH,SOFTWARE,Budget,19800.0
202605,PERSONNEL,FINANCE,SOUTHEAST,SOFTWARE,Actual,41814.0
202605,PERSONNEL,FINANCE,SOUTHEAST,SOFTWARE,Budget,41400.0
202605,PERSONNEL,FINANCE,NORTHEAST,SOFTWARE,Actual,16362.0
202605,PERSONNEL,FINANCE,NORTHEAST,SOFTWARE,Budget,16200.0
202605,PERSONNEL,FINANCE,CENTRAL_WEST,SOFTWARE,Actual,12726.0
202605,PERSONNEL,FINANCE,CENTRAL_WEST,SOFTWARE,Budget,12600.0
202605,PERSONNEL,SALES,SOUTH,SOFTWARE,Actual,26664.0
202605,PERSONNEL,SALES,SOUTH,SOFTWARE,Budget,26400.0
202605,PERSONNEL,SALES,SOUTHEAST,SOFTWARE,Actual,55752.0
202605,PERSONNEL,SALES,SOUTHEAST,SOFTWARE,Budget,55200.0
202605,PERSONNEL,SALES,NORTHEAST,SOFTWARE,Actual,21816.0
202605,PERSONNEL,SALES,NORTHEAST,SOFTWARE,Budget,21600.0
202605,PERSONNEL,SALES,CENTRAL_WEST,SOFTWARE,Actual,16968.0
202605,PERSONNEL,SALES,CENTRAL_WEST,SOFTWARE,Budget,16800.0
202605,PERSONNEL,MARKETING,SOUTH,SOFTWARE,Actual,17776.0
202605,PERSONNEL,MARKETING,SOUTH,SOFTWARE,Budget,17600.0
202605,PERSONNEL,MARKETING,SOUTHEAST,SOFTWARE,Actual,37168.0
202605,PERSONNEL,MARKETING,SOUTHEAST,SOFTWARE,Budget,36800.0
202605,PERSONNEL,MARKETING,NORTHEAST,SOFTWARE,Actual,14544.0
202605,PERSONNEL,MARKETING,NORTHEAST,SOFTWARE,Budget,14400.0
202605,PERSONNEL,MARKETING,CENTRAL_WEST,SOFTWARE,Actual,11312.0
202605,PERSONNEL,MARKETING,CENTRAL_WEST,SOFTWARE,Budget,11200.0
202605,PERSONNEL,OPERATIONS,SOUTH,SOFTWARE,Actual,33330.0
202605,PERSONNEL,OPERATIONS,SOUTH,SOFTWARE,Budget,33000.0
202605,PERSONNEL,OPERATIONS,SOUTHEAST,SOFTWARE,Actual,69690.0
202605,PERSONNEL,OPERATIONS,SOUTHEAST,SOFTWARE,Budget,69000.0
202605,PERSONNEL,OPERATIONS,NORTHEAST,SOFTWARE,Actual,27270.0
202605,PERSONNEL,OPERATIONS,NORTHEAST,SOFTWARE,Budget,27000.0
202605,PERSONNEL,OPERATIONS,CENTRAL_WEST,SOFTWARE,Actual,21210.0
202605,PERSONNEL,OPERATIONS,CENTRAL_WEST,SOFTWARE,Budget,21000.0
202605,MARKETING,MARKETING,SOUTH,SOFTWARE,Actual,27997.2
202605,MARKETING,MARKETING,SOUTH,SOFTWARE,Budget,27720.0
202605,MARKETING,MARKETING,SOUTHEAST,SOFTWARE,Actual,58539.6
202605,MARKETING,MARKETING,SOUTHEAST,SOFTWARE,Budget,57960.0
202605,MARKETING,MARKETING,NORTHEAST,SOFTWARE,Actual,22906.8
202605,MARKETING,MARKETING,NORTHEAST,SOFTWARE,Budget,22680.0
202605,MARKETING,MARKETING,CENTRAL_WEST,SOFTWARE,Actual,17816.4
202605,MARKETING,MARKETING,CENTRAL_WEST,SOFTWARE,Budget,17640.0
202605,OTHER_OPEX,IT,SOUTH,SOFTWARE,Actual,9999.0
202605,OTHER_OPEX,IT,SOUTH,SOFTWARE,Budget,9900.0
202605,OTHER_OPEX,IT,SOUTHEAST,SOFTWARE,Actual,20907.0
202605,OTHER_OPEX,IT,SOUTHEAST,SOFTWARE,Budget,20700.0
202605,OTHER_OPEX,IT,NORTHEAST,SOFTWARE,Actual,8181.0
202605,OTHER_OPEX,IT,NORTHEAST,SOFTWARE,Budget,8100.0
202605,OTHER_OPEX,IT,CENTRAL_WEST,SOFTWARE,Actual,6363.0
202605,OTHER_OPEX,IT,CENTRAL_WEST,SOFTWARE,Budget,6300.0
202605,OTHER_OPEX,FINANCE,SOUTH,SOFTWARE,Actual,7777.0
202605,OTHER_OPEX,FINANCE,SOUTH,SOFTWARE,Budget,7700.0
202605,OTHER_OPEX,FINANCE,SOUTHEAST,SOFTWARE,Actual,16261.0
202605,OTHER_OPEX,FINANCE,SOUTHEAST,SOFTWARE,Budget,16100.0
202605,OTHER_OPEX,FINANCE,NORTHEAST,SOFTWARE,Actual,6363.0
202605,OTHER_OPEX,FINANCE,NORTHEAST,SOFTWARE,Budget,6300.0
202605,OTHER_OPEX,FINANCE,CENTRAL_WEST,SOFTWARE,Actual,4949.0
202605,OTHER_OPEX,FINANCE,CENTRAL_WEST,SOFTWARE,Budget,4900.0
202605,OTHER_OPEX,HR,SOUTH,SOFTWARE,Actual,5555.0
202605,OTHER_OPEX,HR,SOUTH,SOFTWARE,Budget,5500.0
202605,OTHER_OPEX,HR,SOUTHEAST,SOFTWARE,Actual,11615.0
202605,OTHER_OPEX,HR,SOUTHEAST,SOFTWARE,Budget,11500.0
202605,OTHER_OPEX,HR,NORTHEAST,SOFTWARE,Actual,4545.0
202605,OTHER_OPEX,HR,NORTHEAST,SOFTWARE,Budget,4500.0
202605,OTHER_OPEX,HR,CENTRAL_WEST,SOFTWARE,Actual,3535.0
202605,OTHER_OPEX,HR,CENTRAL_WEST,SOFTWARE,Budget,3500.0
202605,OTHER_OPEX,OPERATIONS,SOUTH,SOFTWARE,Actual,15554.0
202605,OTHER_OPEX,OPERATIONS,SOUTH,SOFTWARE,Budget,15400.0
202605,OTHER_OPEX,OPERATIONS,SOUTHEAST,SOFTWARE,Actual,32522.0
202605,OTHER_OPEX,OPERATIONS,SOUTHEAST,SOFTWARE,Budget,32200.0
202605,OTHER_OPEX,OPERATIONS,NORTHEAST,SOFTWARE,Actual,12726.0
202605,OTHER_OPEX,OPERATIONS,NORTHEAST,SOFTWARE,Budget,12600.0
202605,OTHER_OPEX,OPERATIONS,CENTRAL_WEST,SOFTWARE,Actual,9898.0
202605,OTHER_OPEX,OPERATIONS,CENTRAL_WEST,SOFTWARE,Budget,9800.0
202606,PERSONNEL,HR,SOUTH,SOFTWARE,Actual,24024.0
202606,PERSONNEL,HR,SOUTH,SOFTWARE,Budget,23100.0
202606,PERSONNEL,HR,SOUTHEAST,SOFTWARE,Actual,50232.0
202606,PERSONNEL,HR,SOUTHEAST,SOFTWARE,Budget,48300.0
202606,PERSONNEL,HR,NORTHEAST,SOFTWARE,Actual,19656.0
202606,PERSONNEL,HR,NORTHEAST,SOFTWARE,Budget,18900.0
202606,PERSONNEL,HR,CENTRAL_WEST,SOFTWARE,Actual,15288.0
202606,PERSONNEL,HR,CENTRAL_WEST,SOFTWARE,Budget,14700.0
202606,PERSONNEL,IT,SOUTH,SOFTWARE,Actual,30888.0
202606,PERSONNEL,IT,SOUTH,SOFTWARE,Budget,29700.0
202606,PERSONNEL,IT,SOUTHEAST,SOFTWARE,Actual,64584.0
202606,PERSONNEL,IT,SOUTHEAST,SOFTWARE,Budget,62100.0
202606,PERSONNEL,IT,NORTHEAST,SOFTWARE,Actual,25272.0
202606,PERSONNEL,IT,NORTHEAST,SOFTWARE,Budget,24300.0
202606,PERSONNEL,IT,CENTRAL_WEST,SOFTWARE,Actual,19656.0
202606,PERSONNEL,IT,CENTRAL_WEST,SOFTWARE,Budget,18900.0
202606,PERSONNEL,FINANCE,SOUTH,SOFTWARE,Actual,20592.0
202606,PERSONNEL,FINANCE,SOUTH,SOFTWARE,Budget,19800.0
202606,PERSONNEL,FINANCE,SOUTHEAST,SOFTWARE,Actual,43056.0
202606,PERSONNEL,FINANCE,SOUTHEAST,SOFTWARE,Budget,41400.0
202606,PERSONNEL,FINANCE,NORTHEAST,SOFTWARE,Actual,16848.0
202606,PERSONNEL,FINANCE,NORTHEAST,SOFTWARE,Budget,16200.0
202606,PERSONNEL,FINANCE,CENTRAL_WEST,SOFTWARE,Actual,13104.0
202606,PERSONNEL,FINANCE,CENTRAL_WEST,SOFTWARE,Budget,12600.0
202606,PERSONNEL,SALES,SOUTH,SOFTWARE,Actual,27456.0
202606,PERSONNEL,SALES,SOUTH,SOFTWARE,Budget,26400.0
202606,PERSONNEL,SALES,SOUTHEAST,SOFTWARE,Actual,57408.0
202606,PERSONNEL,SALES,SOUTHEAST,SOFTWARE,Budget,55200.0
202606,PERSONNEL,SALES,NORTHEAST,SOFTWARE,Actual,22464.0
202606,PERSONNEL,SALES,NORTHEAST,SOFTWARE,Budget,21600.0
202606,PERSONNEL,SALES,CENTRAL_WEST,SOFTWARE,Actual,17472.0
202606,PERSONNEL,SALES,CENTRAL_WEST,SOFTWARE,Budget,16800.0
202606,PERSONNEL,MARKETING,SOUTH,SOFTWARE,Actual,18304.0
202606,PERSONNEL,MARKETING,SOUTH,SOFTWARE,Budget,17600.0
202606,PERSONNEL,MARKETING,SOUTHEAST,SOFTWARE,Actual,38272.0
202606,PERSONNEL,MARKETING,SOUTHEAST,SOFTWARE,Budget,36800.0
202606,PERSONNEL,MARKETING,NORTHEAST,SOFTWARE,Actual,14976.0
202606,PERSONNEL,MARKETING,NORTHEAST,SOFTWARE,Budget,14400.0
202606,PERSONNEL,MARKETING,CENTRAL_WEST,SOFTWARE,Actual,11648.0
202606,PERSONNEL,MARKETING,CENTRAL_WEST,SOFTWARE,Budget,11200.0
202606,PERSONNEL,OPERATIONS,SOUTH,SOFTWARE,Actual,34320.0
202606,PERSONNEL,OPERATIONS,SOUTH,SOFTWARE,Budget,33000.0
202606,PERSONNEL,OPERATIONS,SOUTHEAST,SOFTWARE,Actual,71760.0
202606,PERSONNEL,OPERATIONS,SOUTHEAST,SOFTWARE,Budget,69000.0
202606,PERSONNEL,OPERATIONS,NORTHEAST,SOFTWARE,Actual,28080.0
202606,PERSONNEL,OPERATIONS,NORTHEAST,SOFTWARE,Budget,27000.0
202606,PERSONNEL,OPERATIONS,CENTRAL_WEST,SOFTWARE,Actual,21840.0
202606,PERSONNEL,OPERATIONS,CENTRAL_WEST,SOFTWARE,Budget,21000.0
202606,MARKETING,MARKETING,SOUTH,SOFTWARE,Actual,27456.0
202606,MARKETING,MARKETING,SOUTH,SOFTWARE,Budget,26400.0
202606,MARKETING,MARKETING,SOUTHEAST,SOFTWARE,Actual,57408.0
202606,MARKETING,MARKETING,SOUTHEAST,SOFTWARE,Budget,55200.0
202606,MARKETING,MARKETING,NORTHEAST,SOFTWARE,Actual,22464.0
202606,MARKETING,MARKETING,NORTHEAST,SOFTWARE,Budget,21600.0
202606,MARKETING,MARKETING,CENTRAL_WEST,SOFTWARE,Actual,17472.0
202606,MARKETING,MARKETING,CENTRAL_WEST,SOFTWARE,Budget,16800.0
202606,OTHER_OPEX,IT,SOUTH,SOFTWARE,Actual,10296.0
202606,OTHER_OPEX,IT,SOUTH,SOFTWARE,Budget,9900.0
202606,OTHER_OPEX,IT,SOUTHEAST,SOFTWARE,Actual,21528.0
202606,OTHER_OPEX,IT,SOUTHEAST,SOFTWARE,Budget,20700.0
202606,OTHER_OPEX,IT,NORTHEAST,SOFTWARE,Actual,8424.0
202606,OTHER_OPEX,IT,NORTHEAST,SOFTWARE,Budget,8100.0
202606,OTHER_OPEX,IT,CENTRAL_WEST,SOFTWARE,Actual,6552.0
202606,OTHER_OPEX,IT,CENTRAL_WEST,SOFTWARE,Budget,6300.0
202606,OTHER_OPEX,FINANCE,SOUTH,SOFTWARE,Actual,8008.0
202606,OTHER_OPEX,FINANCE,SOUTH,SOFTWARE,Budget,7700.0
202606,OTHER_OPEX,FINANCE,SOUTHEAST,SOFTWARE,Actual,16744.0
202606,OTHER_OPEX,FINANCE,SOUTHEAST,SOFTWARE,Budget,16100.0
202606,OTHER_OPEX,FINANCE,NORTHEAST,SOFTWARE,Actual,6552.0
202606,OTHER_OPEX,FINANCE,NORTHEAST,SOFTWARE,Budget,6300.0
202606,OTHER_OPEX,FINANCE,CENTRAL_WEST,SOFTWARE,Actual,5096.0
202606,OTHER_OPEX,FINANCE,CENTRAL_WEST,SOFTWARE,Budget,4900.0
202606,OTHER_OPEX,HR,SOUTH,SOFTWARE,Actual,5720.0
202606,OTHER_OPEX,HR,SOUTH,SOFTWARE,Budget,5500.0
202606,OTHER_OPEX,HR,SOUTHEAST,SOFTWARE,Actual,11960.0
202606,OTHER_OPEX,HR,SOUTHEAST,SOFTWARE,Budget,11500.0
202606,OTHER_OPEX,HR,NORTHEAST,SOFTWARE,Actual,4680.0
202606,OTHER_OPEX,HR,NORTHEAST,SOFTWARE,Budget,4500.0
202606,OTHER_OPEX,HR,CENTRAL_WEST,SOFTWARE,Actual,3640.0
202606,OTHER_OPEX,HR,CENTRAL_WEST,SOFTWARE,Budget,3500.0
202606,OTHER_OPEX,OPERATIONS,SOUTH,SOFTWARE,Actual,16016.0
202606,OTHER_OPEX,OPERATIONS,SOUTH,SOFTWARE,Budget,15400.0
202606,OTHER_OPEX,OPERATIONS,SOUTHEAST,SOFTWARE,Actual,33488.0
202606,OTHER_OPEX,OPERATIONS,SOUTHEAST,SOFTWARE,Budget,32200.0
202606,OTHER_OPEX,OPERATIONS,NORTHEAST,SOFTWARE,Actual,13104.0
202606,OTHER_OPEX,OPERATIONS,NORTHEAST,SOFTWARE,Budget,12600.0
202606,OTHER_OPEX,OPERATIONS,CENTRAL_WEST,SOFTWARE,Actual,10192.0
202606,OTHER_OPEX,OPERATIONS,CENTRAL_WEST,SOFTWARE,Budget,9800.0
202607,PERSONNEL,HR,SOUTH,SOFTWARE,Actual,23562.0
202607,PERSONNEL,HR,SOUTH,SOFTWARE,Budget,23100.0
202607,PERSONNEL,HR,SOUTHEAST,SOFTWARE,Actual,49266.0
202607,PERSONNEL,HR,SOUTHEAST,SOFTWARE,Budget,48300.0
202607,PERSONNEL,HR,NORTHEAST,SOFTWARE,Actual,19278.0
202607,PERSONNEL,HR,NORTHEAST,SOFTWARE,Budget,18900.0
202607,PERSONNEL,HR,CENTRAL_WEST,SOFTWARE,Actual,14994.0
202607,PERSONNEL,HR,CENTRAL_WEST,SOFTWARE,Budget,14700.0
202607,PERSONNEL,IT,SOUTH,SOFTWARE,Actual,30294.0
202607,PERSONNEL,IT,SOUTH,SOFTWARE,Budget,29700.0
202607,PERSONNEL,IT,SOUTHEAST,SOFTWARE,Actual,63342.0
202607,PERSONNEL,IT,SOUTHEAST,SOFTWARE,Budget,62100.0
202607,PERSONNEL,IT,NORTHEAST,SOFTWARE,Actual,24786.0
202607,PERSONNEL,IT,NORTHEAST,SOFTWARE,Budget,24300.0
202607,PERSONNEL,IT,CENTRAL_WEST,SOFTWARE,Actual,19278.0
202607,PERSONNEL,IT,CENTRAL_WEST,SOFTWARE,Budget,18900.0
202607,PERSONNEL,FINANCE,SOUTH,SOFTWARE,Actual,20196.0
202607,PERSONNEL,FINANCE,SOUTH,SOFTWARE,Budget,19800.0
202607,PERSONNEL,FINANCE,SOUTHEAST,SOFTWARE,Actual,42228.0
202607,PERSONNEL,FINANCE,SOUTHEAST,SOFTWARE,Budget,41400.0
202607,PERSONNEL,FINANCE,NORTHEAST,SOFTWARE,Actual,16524.0
202607,PERSONNEL,FINANCE,NORTHEAST,SOFTWARE,Budget,16200.0
202607,PERSONNEL,FINANCE,CENTRAL_WEST,SOFTWARE,Actual,12852.0
202607,PERSONNEL,FINANCE,CENTRAL_WEST,SOFTWARE,Budget,12600.0
202607,PERSONNEL,SALES,SOUTH,SOFTWARE,Actual,26928.0
202607,PERSONNEL,SALES,SOUTH,SOFTWARE,Budget,26400.0
202607,PERSONNEL,SALES,SOUTHEAST,SOFTWARE,Actual,56304.0
202607,PERSONNEL,SALES,SOUTHEAST,SOFTWARE,Budget,55200.0
202607,PERSONNEL,SALES,NORTHEAST,SOFTWARE,Actual,22032.0
202607,PERSONNEL,SALES,NORTHEAST,SOFTWARE,Budget,21600.0
202607,PERSONNEL,SALES,CENTRAL_WEST,SOFTWARE,Actual,17136.0
202607,PERSONNEL,SALES,CENTRAL_WEST,SOFTWARE,Budget,16800.0
202607,PERSONNEL,MARKETING,SOUTH,SOFTWARE,Actual,17952.0
202607,PERSONNEL,MARKETING,SOUTH,SOFTWARE,Budget,17600.0
202607,PERSONNEL,MARKETING,SOUTHEAST,SOFTWARE,Actual,37536.0
202607,PERSONNEL,MARKETING,SOUTHEAST,SOFTWARE,Budget,36800.0
202607,PERSONNEL,MARKETING,NORTHEAST,SOFTWARE,Actual,14688.0
202607,PERSONNEL,MARKETING,NORTHEAST,SOFTWARE,Budget,14400.0
202607,PERSONNEL,MARKETING,CENTRAL_WEST,SOFTWARE,Actual,11424.0
202607,PERSONNEL,MARKETING,CENTRAL_WEST,SOFTWARE,Budget,11200.0
202607,PERSONNEL,OPERATIONS,SOUTH,SOFTWARE,Actual,33660.0
202607,PERSONNEL,OPERATIONS,SOUTH,SOFTWARE,Budget,33000.0
202607,PERSONNEL,OPERATIONS,SOUTHEAST,SOFTWARE,Actual,70380.0
202607,PERSONNEL,OPERATIONS,SOUTHEAST,SOFTWARE,Budget,69000.0
202607,PERSONNEL,OPERATIONS,NORTHEAST,SOFTWARE,Actual,27540.0
202607,PERSONNEL,OPERATIONS,NORTHEAST,SOFTWARE,Budget,27000.0
202607,PERSONNEL,OPERATIONS,CENTRAL_WEST,SOFTWARE,Actual,21420.0
202607,PERSONNEL,OPERATIONS,CENTRAL_WEST,SOFTWARE,Budget,21000.0
202607,MARKETING,MARKETING,SOUTH,SOFTWARE,Actual,25581.6
202607,MARKETING,MARKETING,SOUTH,SOFTWARE,Budget,25080.0
202607,MARKETING,MARKETING,SOUTHEAST,SOFTWARE,Actual,53488.8
202607,MARKETING,MARKETING,SOUTHEAST,SOFTWARE,Budget,52440.0
202607,MARKETING,MARKETING,NORTHEAST,SOFTWARE,Actual,20930.4
202607,MARKETING,MARKETING,NORTHEAST,SOFTWARE,Budget,20520.0
202607,MARKETING,MARKETING,CENTRAL_WEST,SOFTWARE,Actual,16279.2
202607,MARKETING,MARKETING,CENTRAL_WEST,SOFTWARE,Budget,15960.0
202607,OTHER_OPEX,IT,SOUTH,SOFTWARE,Actual,10098.0
202607,OTHER_OPEX,IT,SOUTH,SOFTWARE,Budget,9900.0
202607,OTHER_OPEX,IT,SOUTHEAST,SOFTWARE,Actual,21114.0
202607,OTHER_OPEX,IT,SOUTHEAST,SOFTWARE,Budget,20700.0
202607,OTHER_OPEX,IT,NORTHEAST,SOFTWARE,Actual,8262.0
202607,OTHER_OPEX,IT,NORTHEAST,SOFTWARE,Budget,8100.0
202607,OTHER_OPEX,IT,CENTRAL_WEST,SOFTWARE,Actual,6426.0
202607,OTHER_OPEX,IT,CENTRAL_WEST,SOFTWARE,Budget,6300.0
202607,OTHER_OPEX,FINANCE,SOUTH,SOFTWARE,Actual,7854.0
202607,OTHER_OPEX,FINANCE,SOUTH,SOFTWARE,Budget,7700.0
202607,OTHER_OPEX,FINANCE,SOUTHEAST,SOFTWARE,Actual,16422.0
202607,OTHER_OPEX,FINANCE,SOUTHEAST,SOFTWARE,Budget,16100.0
202607,OTHER_OPEX,FINANCE,NORTHEAST,SOFTWARE,Actual,6426.0
202607,OTHER_OPEX,FINANCE,NORTHEAST,SOFTWARE,Budget,6300.0
202607,OTHER_OPEX,FINANCE,CENTRAL_WEST,SOFTWARE,Actual,4998.0
202607,OTHER_OPEX,FINANCE,CENTRAL_WEST,SOFTWARE,Budget,4900.0
202607,OTHER_OPEX,HR,SOUTH,SOFTWARE,Actual,5610.0
202607,OTHER_OPEX,HR,SOUTH,SOFTWARE,Budget,5500.0
202607,OTHER_OPEX,HR,SOUTHEAST,SOFTWARE,Actual,11730.0
202607,OTHER_OPEX,HR,SOUTHEAST,SOFTWARE,Budget,11500.0
202607,OTHER_OPEX,HR,NORTHEAST,SOFTWARE,Actual,4590.0
202607,OTHER_OPEX,HR,NORTHEAST,SOFTWARE,Budget,4500.0
202607,OTHER_OPEX,HR,CENTRAL_WEST,SOFTWARE,Actual,3570.0
202607,OTHER_OPEX,HR,CENTRAL_WEST,SOFTWARE,Budget,3500.0
202607,OTHER_OPEX,OPERATIONS,SOUTH,SOFTWARE,Actual,15708.0
202607,OTHER_OPEX,OPERATIONS,SOUTH,SOFTWARE,Budget,15400.0
202607,OTHER_OPEX,OPERATIONS,SOUTHEAST,SOFTWARE,Actual,32844.0
202607,OTHER_OPEX,OPERATIONS,SOUTHEAST,SOFTWARE,Budget,32200.0
202607,OTHER_OPEX,OPERATIONS,NORTHEAST,SOFTWARE,Actual,12852.0
202607,OTHER_OPEX,OPERATIONS,NORTHEAST,SOFTWARE,Budget,12600.0
202607,OTHER_OPEX,OPERATIONS,CENTRAL_WEST,SOFTWARE,Actual,9996.0
202607,OTHER_OPEX,OPERATIONS,CENTRAL_WEST,SOFTWARE,Budget,9800.0
202608,PERSONNEL,HR,SOUTH,SOFTWARE,Actual,24486.0
202608,PERSONNEL,HR,SOUTH,SOFTWARE,Budget,23100.0
202608,PERSONNEL,HR,SOUTHEAST,SOFTWARE,Actual,51198.0
202608,PERSONNEL,HR,SOUTHEAST,SOFTWARE,Budget,48300.0
202608,PERSONNEL,HR,NORTHEAST,SOFTWARE,Actual,20034.0
202608,PERSONNEL,HR,NORTHEAST,SOFTWARE,Budget,18900.0
202608,PERSONNEL,HR,CENTRAL_WEST,SOFTWARE,Actual,15582.0
202608,PERSONNEL,HR,CENTRAL_WEST,SOFTWARE,Budget,14700.0
202608,PERSONNEL,IT,SOUTH,SOFTWARE,Actual,31482.0
202608,PERSONNEL,IT,SOUTH,SOFTWARE,Budget,29700.0
202608,PERSONNEL,IT,SOUTHEAST,SOFTWARE,Actual,65826.0
202608,PERSONNEL,IT,SOUTHEAST,SOFTWARE,Budget,62100.0
202608,PERSONNEL,IT,NORTHEAST,SOFTWARE,Actual,25758.0
202608,PERSONNEL,IT,NORTHEAST,SOFTWARE,Budget,24300.0
202608,PERSONNEL,IT,CENTRAL_WEST,SOFTWARE,Actual,20034.0
202608,PERSONNEL,IT,CENTRAL_WEST,SOFTWARE,Budget,18900.0
202608,PERSONNEL,FINANCE,SOUTH,SOFTWARE,Actual,20988.0
202608,PERSONNEL,FINANCE,SOUTH,SOFTWARE,Budget,19800.0
202608,PERSONNEL,FINANCE,SOUTHEAST,SOFTWARE,Actual,43884.0
202608,PERSONNEL,FINANCE,SOUTHEAST,SOFTWARE,Budget,41400.0
202608,PERSONNEL,FINANCE,NORTHEAST,SOFTWARE,Actual,17172.0
202608,PERSONNEL,FINANCE,NORTHEAST,SOFTWARE,Budget,16200.0
202608,PERSONNEL,FINANCE,CENTRAL_WEST,SOFTWARE,Actual,13356.0
202608,PERSONNEL,FINANCE,CENTRAL_WEST,SOFTWARE,Budget,12600.0
202608,PERSONNEL,SALES,SOUTH,SOFTWARE,Actual,27984.0
202608,PERSONNEL,SALES,SOUTH,SOFTWARE,Budget,26400.0
202608,PERSONNEL,SALES,SOUTHEAST,SOFTWARE,Actual,58512.0
202608,PERSONNEL,SALES,SOUTHEAST,SOFTWARE,Budget,55200.0
202608,PERSONNEL,SALES,NORTHEAST,SOFTWARE,Actual,22896.0
202608,PERSONNEL,SALES,NORTHEAST,SOFTWARE,Budget,21600.0
202608,PERSONNEL,SALES,CENTRAL_WEST,SOFTWARE,Actual,17808.0
202608,PERSONNEL,SALES,CENTRAL_WEST,SOFTWARE,Budget,16800.0
202608,PERSONNEL,MARKETING,SOUTH,SOFTWARE,Actual,18656.0
202608,PERSONNEL,MARKETING,SOUTH,SOFTWARE,Budget,17600.0
202608,PERSONNEL,MARKETING,SOUTHEAST,SOFTWARE,Actual,39008.0
202608,PERSONNEL,MARKETING,SOUTHEAST,SOFTWARE,Budget,36800.0
202608,PERSONNEL,MARKETING,NORTHEAST,SOFTWARE,Actual,15264.0
202608,PERSONNEL,MARKETING,NORTHEAST,SOFTWARE,Budget,14400.0
202608,PERSONNEL,MARKETING,CENTRAL_WEST,SOFTWARE,Actual,11872.0
202608,PERSONNEL,MARKETING,CENTRAL_WEST,SOFTWARE,Budget,11200.0
202608,PERSONNEL,OPERATIONS,SOUTH,SOFTWARE,Actual,34980.0
202608,PERSONNEL,OPERATIONS,SOUTH,SOFTWARE,Budget,33000.0
202608,PERSONNEL,OPERATIONS,SOUTHEAST,SOFTWARE,Actual,73140.0
202608,PERSONNEL,OPERATIONS,SOUTHEAST,SOFTWARE,Budget,69000.0
202608,PERSONNEL,OPERATIONS,NORTHEAST,SOFTWARE,Actual,28620.0
202608,PERSONNEL,OPERATIONS,NORTHEAST,SOFTWARE,Budget,27000.0
202608,PERSONNEL,OPERATIONS,CENTRAL_WEST,SOFTWARE,Actual,22260.0
202608,PERSONNEL,OPERATIONS,CENTRAL_WEST,SOFTWARE,Budget,21000.0
202608,MARKETING,MARKETING,SOUTH,SOFTWARE,Actual,29383.2
202608,MARKETING,MARKETING,SOUTH,SOFTWARE,Budget,27720.0
202608,MARKETING,MARKETING,SOUTHEAST,SOFTWARE,Actual,61437.6
202608,MARKETING,MARKETING,SOUTHEAST,SOFTWARE,Budget,57960.0
202608,MARKETING,MARKETING,NORTHEAST,SOFTWARE,Actual,24040.8
202608,MARKETING,MARKETING,NORTHEAST,SOFTWARE,Budget,22680.0
202608,MARKETING,MARKETING,CENTRAL_WEST,SOFTWARE,Actual,18698.4
202608,MARKETING,MARKETING,CENTRAL_WEST,SOFTWARE,Budget,17640.0
202608,OTHER_OPEX,IT,SOUTH,SOFTWARE,Actual,10494.0
202608,OTHER_OPEX,IT,SOUTH,SOFTWARE,Budget,9900.0
202608,OTHER_OPEX,IT,SOUTHEAST,SOFTWARE,Actual,21942.0
202608,OTHER_OPEX,IT,SOUTHEAST,SOFTWARE,Budget,20700.0
202608,OTHER_OPEX,IT,NORTHEAST,SOFTWARE,Actual,8586.0
202608,OTHER_OPEX,IT,NORTHEAST,SOFTWARE,Budget,8100.0
202608,OTHER_OPEX,IT,CENTRAL_WEST,SOFTWARE,Actual,6678.0
202608,OTHER_OPEX,IT,CENTRAL_WEST,SOFTWARE,Budget,6300.0
202608,OTHER_OPEX,FINANCE,SOUTH,SOFTWARE,Actual,8162.0
202608,OTHER_OPEX,FINANCE,SOUTH,SOFTWARE,Budget,7700.0
202608,OTHER_OPEX,FINANCE,SOUTHEAST,SOFTWARE,Actual,17066.0
202608,OTHER_OPEX,FINANCE,SOUTHEAST,SOFTWARE,Budget,16100.0
202608,OTHER_OPEX,FINANCE,NORTHEAST,SOFTWARE,Actual,6678.0
202608,OTHER_OPEX,FINANCE,NORTHEAST,SOFTWARE,Budget,6300.0
202608,OTHER_OPEX,FINANCE,CENTRAL_WEST,SOFTWARE,Actual,5194.0
202608,OTHER_OPEX,FINANCE,CENTRAL_WEST,SOFTWARE,Budget,4900.0
202608,OTHER_OPEX,HR,SOUTH,SOFTWARE,Actual,5830.0
202608,OTHER_OPEX,HR,SOUTH,SOFTWARE,Budget,5500.0
202608,OTHER_OPEX,HR,SOUTHEAST,SOFTWARE,Actual,12190.0
202608,OTHER_OPEX,HR,SOUTHEAST,SOFTWARE,Budget,11500.0
202608,OTHER_OPEX,HR,NORTHEAST,SOFTWARE,Actual,4770.0
202608,OTHER_OPEX,HR,NORTHEAST,SOFTWARE,Budget,4500.0
202608,OTHER_OPEX,HR,CENTRAL_WEST,SOFTWARE,Actual,3710.0
202608,OTHER_OPEX,HR,CENTRAL_WEST,SOFTWARE,Budget,3500.0
202608,OTHER_OPEX,OPERATIONS,SOUTH,SOFTWARE,Actual,16324.0
202608,OTHER_OPEX,OPERATIONS,SOUTH,SOFTWARE,Budget,15400.0
202608,OTHER_OPEX,OPERATIONS,SOUTHEAST,SOFTWARE,Actual,34132.0
202608,OTHER_OPEX,OPERATIONS,SOUTHEAST,SOFTWARE,Budget,32200.0
202608,OTHER_OPEX,OPERATIONS,NORTHEAST,SOFTWARE,Actual,13356.0
202608,OTHER_OPEX,OPERATIONS,NORTHEAST,SOFTWARE,Budget,12600.0
202608,OTHER_OPEX,OPERATIONS,CENTRAL_WEST,SOFTWARE,Actual,10388.0
202608,OTHER_OPEX,OPERATIONS,CENTRAL_WEST,SOFTWARE,Budget,9800.0
202609,PERSONNEL,HR,SOUTH,SOFTWARE,Actual,23793.0
202609,PERSONNEL,HR,SOUTH,SOFTWARE,Budget,23100.0
202609,PERSONNEL,HR,SOUTHEAST,SOFTWARE,Actual,49749.0
202609,PERSONNEL,HR,SOUTHEAST,SOFTWARE,Budget,48300.0
202609,PERSONNEL,HR,NORTHEAST,SOFTWARE,Actual,19467.0
202609,PERSONNEL,HR,NORTHEAST,SOFTWARE,Budget,18900.0
202609,PERSONNEL,HR,CENTRAL_WEST,SOFTWARE,Actual,15141.0
202609,PERSONNEL,HR,CENTRAL_WEST,SOFTWARE,Budget,14700.0
202609,PERSONNEL,IT,SOUTH,SOFTWARE,Actual,30591.0
202609,PERSONNEL,IT,SOUTH,SOFTWARE,Budget,29700.0
202609,PERSONNEL,IT,SOUTHEAST,SOFTWARE,Actual,63963.0
202609,PERSONNEL,IT,SOUTHEAST,SOFTWARE,Budget,62100.0
202609,PERSONNEL,IT,NORTHEAST,SOFTWARE,Actual,25029.0
202609,PERSONNEL,IT,NORTHEAST,SOFTWARE,Budget,24300.0
202609,PERSONNEL,IT,CENTRAL_WEST,SOFTWARE,Actual,19467.0
202609,PERSONNEL,IT,CENTRAL_WEST,SOFTWARE,Budget,18900.0
202609,PERSONNEL,FINANCE,SOUTH,SOFTWARE,Actual,20394.0
202609,PERSONNEL,FINANCE,SOUTH,SOFTWARE,Budget,19800.0
202609,PERSONNEL,FINANCE,SOUTHEAST,SOFTWARE,Actual,42642.0
202609,PERSONNEL,FINANCE,SOUTHEAST,SOFTWARE,Budget,41400.0
202609,PERSONNEL,FINANCE,NORTHEAST,SOFTWARE,Actual,16686.0
202609,PERSONNEL,FINANCE,NORTHEAST,SOFTWARE,Budget,16200.0
202609,PERSONNEL,FINANCE,CENTRAL_WEST,SOFTWARE,Actual,12978.0
202609,PERSONNEL,FINANCE,CENTRAL_WEST,SOFTWARE,Budget,12600.0
202609,PERSONNEL,SALES,SOUTH,SOFTWARE,Actual,27192.0
202609,PERSONNEL,SALES,SOUTH,SOFTWARE,Budget,26400.0
202609,PERSONNEL,SALES,SOUTHEAST,SOFTWARE,Actual,56856.0
202609,PERSONNEL,SALES,SOUTHEAST,SOFTWARE,Budget,55200.0
202609,PERSONNEL,SALES,NORTHEAST,SOFTWARE,Actual,22248.0
202609,PERSONNEL,SALES,NORTHEAST,SOFTWARE,Budget,21600.0
202609,PERSONNEL,SALES,CENTRAL_WEST,SOFTWARE,Actual,17304.0
202609,PERSONNEL,SALES,CENTRAL_WEST,SOFTWARE,Budget,16800.0
202609,PERSONNEL,MARKETING,SOUTH,SOFTWARE,Actual,18128.0
202609,PERSONNEL,MARKETING,SOUTH,SOFTWARE,Budget,17600.0
202609,PERSONNEL,MARKETING,SOUTHEAST,SOFTWARE,Actual,37904.0
202609,PERSONNEL,MARKETING,SOUTHEAST,SOFTWARE,Budget,36800.0
202609,PERSONNEL,MARKETING,NORTHEAST,SOFTWARE,Actual,14832.0
202609,PERSONNEL,MARKETING,NORTHEAST,SOFTWARE,Budget,14400.0
202609,PERSONNEL,MARKETING,CENTRAL_WEST,SOFTWARE,Actual,11536.0
202609,PERSONNEL,MARKETING,CENTRAL_WEST,SOFTWARE,Budget,11200.0
202609,PERSONNEL,OPERATIONS,SOUTH,SOFTWARE,Actual,33990.0
202609,PERSONNEL,OPERATIONS,SOUTH,SOFTWARE,Budget,33000.0
202609,PERSONNEL,OPERATIONS,SOUTHEAST,SOFTWARE,Actual,71070.0
202609,PERSONNEL,OPERATIONS,SOUTHEAST,SOFTWARE,Budget,69000.0
202609,PERSONNEL,OPERATIONS,NORTHEAST,SOFTWARE,Actual,27810.0
202609,PERSONNEL,OPERATIONS,NORTHEAST,SOFTWARE,Budget,27000.0
202609,PERSONNEL,OPERATIONS,CENTRAL_WEST,SOFTWARE,Actual,21630.0
202609,PERSONNEL,OPERATIONS,CENTRAL_WEST,SOFTWARE,Budget,21000.0
202609,MARKETING,MARKETING,SOUTH,SOFTWARE,Actual,29911.2
202609,MARKETING,MARKETING,SOUTH,SOFTWARE,Budget,29040.0
202609,MARKETING,MARKETING,SOUTHEAST,SOFTWARE,Actual,62541.6
202609,MARKETING,MARKETING,SOUTHEAST,SOFTWARE,Budget,60720.0
202609,MARKETING,MARKETING,NORTHEAST,SOFTWARE,Actual,24472.8
202609,MARKETING,MARKETING,NORTHEAST,SOFTWARE,Budget,23760.0
202609,MARKETING,MARKETING,CENTRAL_WEST,SOFTWARE,Actual,19034.4
202609,MARKETING,MARKETING,CENTRAL_WEST,SOFTWARE,Budget,18480.0
202609,OTHER_OPEX,IT,SOUTH,SOFTWARE,Actual,10197.0
202609,OTHER_OPEX,IT,SOUTH,SOFTWARE,Budget,9900.0
202609,OTHER_OPEX,IT,SOUTHEAST,SOFTWARE,Actual,21321.0
202609,OTHER_OPEX,IT,SOUTHEAST,SOFTWARE,Budget,20700.0
202609,OTHER_OPEX,IT,NORTHEAST,SOFTWARE,Actual,8343.0
202609,OTHER_OPEX,IT,NORTHEAST,SOFTWARE,Budget,8100.0
202609,OTHER_OPEX,IT,CENTRAL_WEST,SOFTWARE,Actual,6489.0
202609,OTHER_OPEX,IT,CENTRAL_WEST,SOFTWARE,Budget,6300.0
202609,OTHER_OPEX,FINANCE,SOUTH,SOFTWARE,Actual,7931.0
202609,OTHER_OPEX,FINANCE,SOUTH,SOFTWARE,Budget,7700.0
202609,OTHER_OPEX,FINANCE,SOUTHEAST,SOFTWARE,Actual,16583.0
202609,OTHER_OPEX,FINANCE,SOUTHEAST,SOFTWARE,Budget,16100.0
202609,OTHER_OPEX,FINANCE,NORTHEAST,SOFTWARE,Actual,6489.0
202609,OTHER_OPEX,FINANCE,NORTHEAST,SOFTWARE,Budget,6300.0
202609,OTHER_OPEX,FINANCE,CENTRAL_WEST,SOFTWARE,Actual,5047.0
202609,OTHER_OPEX,FINANCE,CENTRAL_WEST,SOFTWARE,Budget,4900.0
202609,OTHER_OPEX,HR,SOUTH,SOFTWARE,Actual,5665.0
202609,OTHER_OPEX,HR,SOUTH,SOFTWARE,Budget,5500.0
202609,OTHER_OPEX,HR,SOUTHEAST,SOFTWARE,Actual,11845.0
202609,OTHER_OPEX,HR,SOUTHEAST,SOFTWARE,Budget,11500.0
202609,OTHER_OPEX,HR,NORTHEAST,SOFTWARE,Actual,4635.0
202609,OTHER_OPEX,HR,NORTHEAST,SOFTWARE,Budget,4500.0
202609,OTHER_OPEX,HR,CENTRAL_WEST,SOFTWARE,Actual,3605.0
202609,OTHER_OPEX,HR,CENTRAL_WEST,SOFTWARE,Budget,3500.0
202609,OTHER_OPEX,OPERATIONS,SOUTH,SOFTWARE,Actual,15862.0
202609,OTHER_OPEX,OPERATIONS,SOUTH,SOFTWARE,Budget,15400.0
202609,OTHER_OPEX,OPERATIONS,SOUTHEAST,SOFTWARE,Actual,33166.0
202609,OTHER_OPEX,OPERATIONS,SOUTHEAST,SOFTWARE,Budget,32200.0
202609,OTHER_OPEX,OPERATIONS,NORTHEAST,SOFTWARE,Actual,12978.0
202609,OTHER_OPEX,OPERATIONS,NORTHEAST,SOFTWARE,Budget,12600.0
202609,OTHER_OPEX,OPERATIONS,CENTRAL_WEST,SOFTWARE,Actual,10094.0
202609,OTHER_OPEX,OPERATIONS,CENTRAL_WEST,SOFTWARE,Budget,9800.0
202610,PERSONNEL,HR,SOUTH,SOFTWARE,Actual,24255.0
202610,PERSONNEL,HR,SOUTH,SOFTWARE,Budget,23100.0
202610,PERSONNEL,HR,SOUTHEAST,SOFTWARE,Actual,50715.0
202610,PERSONNEL,HR,SOUTHEAST,SOFTWARE,Budget,48300.0
202610,PERSONNEL,HR,NORTHEAST,SOFTWARE,Actual,19845.0
202610,PERSONNEL,HR,NORTHEAST,SOFTWARE,Budget,18900.0
202610,PERSONNEL,HR,CENTRAL_WEST,SOFTWARE,Actual,15435.0
202610,PERSONNEL,HR,CENTRAL_WEST,SOFTWARE,Budget,14700.0
202610,PERSONNEL,IT,SOUTH,SOFTWARE,Actual,31185.0
202610,PERSONNEL,IT,SOUTH,SOFTWARE,Budget,29700.0
202610,PERSONNEL,IT,SOUTHEAST,SOFTWARE,Actual,65205.0
202610,PERSONNEL,IT,SOUTHEAST,SOFTWARE,Budget,62100.0
202610,PERSONNEL,IT,NORTHEAST,SOFTWARE,Actual,25515.0
202610,PERSONNEL,IT,NORTHEAST,SOFTWARE,Budget,24300.0
202610,PERSONNEL,IT,CENTRAL_WEST,SOFTWARE,Actual,19845.0
202610,PERSONNEL,IT,CENTRAL_WEST,SOFTWARE,Budget,18900.0
202610,PERSONNEL,FINANCE,SOUTH,SOFTWARE,Actual,20790.0
202610,PERSONNEL,FINANCE,SOUTH,SOFTWARE,Budget,19800.0
202610,PERSONNEL,FINANCE,SOUTHEAST,SOFTWARE,Actual,43470.0
202610,PERSONNEL,FINANCE,SOUTHEAST,SOFTWARE,Budget,41400.0
202610,PERSONNEL,FINANCE,NORTHEAST,SOFTWARE,Actual,17010.0
202610,PERSONNEL,FINANCE,NORTHEAST,SOFTWARE,Budget,16200.0
202610,PERSONNEL,FINANCE,CENTRAL_WEST,SOFTWARE,Actual,13230.0
202610,PERSONNEL,FINANCE,CENTRAL_WEST,SOFTWARE,Budget,12600.0
202610,PERSONNEL,SALES,SOUTH,SOFTWARE,Actual,27720.0
202610,PERSONNEL,SALES,SOUTH,SOFTWARE,Budget,26400.0
202610,PERSONNEL,SALES,SOUTHEAST,SOFTWARE,Actual,57960.0
202610,PERSONNEL,SALES,SOUTHEAST,SOFTWARE,Budget,55200.0
202610,PERSONNEL,SALES,NORTHEAST,SOFTWARE,Actual,22680.0
202610,PERSONNEL,SALES,NORTHEAST,SOFTWARE,Budget,21600.0
202610,PERSONNEL,SALES,CENTRAL_WEST,SOFTWARE,Actual,17640.0
202610,PERSONNEL,SALES,CENTRAL_WEST,SOFTWARE,Budget,16800.0
202610,PERSONNEL,MARKETING,SOUTH,SOFTWARE,Actual,18480.0
202610,PERSONNEL,MARKETING,SOUTH,SOFTWARE,Budget,17600.0
202610,PERSONNEL,MARKETING,SOUTHEAST,SOFTWARE,Actual,38640.0
202610,PERSONNEL,MARKETING,SOUTHEAST,SOFTWARE,Budget,36800.0
202610,PERSONNEL,MARKETING,NORTHEAST,SOFTWARE,Actual,15120.0
202610,PERSONNEL,MARKETING,NORTHEAST,SOFTWARE,Budget,14400.0
202610,PERSONNEL,MARKETING,CENTRAL_WEST,SOFTWARE,Actual,11760.0
202610,PERSONNEL,MARKETING,CENTRAL_WEST,SOFTWARE,Budget,11200.0
202610,PERSONNEL,OPERATIONS,SOUTH,SOFTWARE,Actual,34650.0
202610,PERSONNEL,OPERATIONS,SOUTH,SOFTWARE,Budget,33000.0
202610,PERSONNEL,OPERATIONS,SOUTHEAST,SOFTWARE,Actual,72450.0
202610,PERSONNEL,OPERATIONS,SOUTHEAST,SOFTWARE,Budget,69000.0
202610,PERSONNEL,OPERATIONS,NORTHEAST,SOFTWARE,Actual,28350.0
202610,PERSONNEL,OPERATIONS,NORTHEAST,SOFTWARE,Budget,27000.0
202610,PERSONNEL,OPERATIONS,CENTRAL_WEST,SOFTWARE,Actual,22050.0
202610,PERSONNEL,OPERATIONS,CENTRAL_WEST,SOFTWARE,Budget,21000.0
202610,MARKETING,MARKETING,SOUTH,SOFTWARE,Actual,33264.0
202610,MARKETING,MARKETING,SOUTH,SOFTWARE,Budget,31680.0
202610,MARKETING,MARKETING,SOUTHEAST,SOFTWARE,Actual,69552.0
202610,MARKETING,MARKETING,SOUTHEAST,SOFTWARE,Budget,66240.0
202610,MARKETING,MARKETING,NORTHEAST,SOFTWARE,Actual,27216.0
202610,MARKETING,MARKETING,NORTHEAST,SOFTWARE,Budget,25920.0
202610,MARKETING,MARKETING,CENTRAL_WEST,SOFTWARE,Actual,21168.0
202610,MARKETING,MARKETING,CENTRAL_WEST,SOFTWARE,Budget,20160.0
202610,OTHER_OPEX,IT,SOUTH,SOFTWARE,Actual,10395.0
202610,OTHER_OPEX,IT,SOUTH,SOFTWARE,Budget,9900.0
202610,OTHER_OPEX,IT,SOUTHEAST,SOFTWARE,Actual,21735.0
202610,OTHER_OPEX,IT,SOUTHEAST,SOFTWARE,Budget,20700.0
202610,OTHER_OPEX,IT,NORTHEAST,SOFTWARE,Actual,8505.0
202610,OTHER_OPEX,IT,NORTHEAST,SOFTWARE,Budget,8100.0
202610,OTHER_OPEX,IT,CENTRAL_WEST,SOFTWARE,Actual,6615.0
202610,OTHER_OPEX,IT,CENTRAL_WEST,SOFTWARE,Budget,6300.0
202610,OTHER_OPEX,FINANCE,SOUTH,SOFTWARE,Actual,8085.0
202610,OTHER_OPEX,FINANCE,SOUTH,SOFTWARE,Budget,7700.0
202610,OTHER_OPEX,FINANCE,SOUTHEAST,SOFTWARE,Actual,16905.0
202610,OTHER_OPEX,FINANCE,SOUTHEAST,SOFTWARE,Budget,16100.0
202610,OTHER_OPEX,FINANCE,NORTHEAST,SOFTWARE,Actual,6615.0
202610,OTHER_OPEX,FINANCE,NORTHEAST,SOFTWARE,Budget,6300.0
202610,OTHER_OPEX,FINANCE,CENTRAL_WEST,SOFTWARE,Actual,5145.0
202610,OTHER_OPEX,FINANCE,CENTRAL_WEST,SOFTWARE,Budget,4900.0
202610,OTHER_OPEX,HR,SOUTH,SOFTWARE,Actual,5775.0
202610,OTHER_OPEX,HR,SOUTH,SOFTWARE,Budget,5500.0
202610,OTHER_OPEX,HR,SOUTHEAST,SOFTWARE,Actual,12075.0
202610,OTHER_OPEX,HR,SOUTHEAST,SOFTWARE,Budget,11500.0
202610,OTHER_OPEX,HR,NORTHEAST,SOFTWARE,Actual,4725.0
202610,OTHER_OPEX,HR,NORTHEAST,SOFTWARE,Budget,4500.0
202610,OTHER_OPEX,HR,CENTRAL_WEST,SOFTWARE,Actual,3675.0
202610,OTHER_OPEX,HR,CENTRAL_WEST,SOFTWARE,Budget,3500.0
202610,OTHER_OPEX,OPERATIONS,SOUTH,SOFTWARE,Actual,16170.0
202610,OTHER_OPEX,OPERATIONS,SOUTH,SOFTWARE,Budget,15400.0
202610,OTHER_OPEX,OPERATIONS,SOUTHEAST,SOFTWARE,Actual,33810.0
202610,OTHER_OPEX,OPERATIONS,SOUTHEAST,SOFTWARE,Budget,32200.0
202610,OTHER_OPEX,OPERATIONS,NORTHEAST,SOFTWARE,Actual,13230.0
202610,OTHER_OPEX,OPERATIONS,NORTHEAST,SOFTWARE,Budget,12600.0
202610,OTHER_OPEX,OPERATIONS,CENTRAL_WEST,SOFTWARE,Actual,10290.0
202610,OTHER_OPEX,OPERATIONS,CENTRAL_WEST,SOFTWARE,Budget,9800.0
202611,PERSONNEL,HR,SOUTH,SOFTWARE,Actual,24024.0
202611,PERSONNEL,HR,SOUTH,SOFTWARE,Budget,23100.0
202611,PERSONNEL,HR,SOUTHEAST,SOFTWARE,Actual,50232.0
202611,PERSONNEL,HR,SOUTHEAST,SOFTWARE,Budget,48300.0
202611,PERSONNEL,HR,NORTHEAST,SOFTWARE,Actual,19656.0
202611,PERSONNEL,HR,NORTHEAST,SOFTWARE,Budget,18900.0
202611,PERSONNEL,HR,CENTRAL_WEST,SOFTWARE,Actual,15288.0
202611,PERSONNEL,HR,CENTRAL_WEST,SOFTWARE,Budget,14700.0
202611,PERSONNEL,IT,SOUTH,SOFTWARE,Actual,30888.0
202611,PERSONNEL,IT,SOUTH,SOFTWARE,Budget,29700.0
202611,PERSONNEL,IT,SOUTHEAST,SOFTWARE,Actual,64584.0
202611,PERSONNEL,IT,SOUTHEAST,SOFTWARE,Budget,62100.0
202611,PERSONNEL,IT,NORTHEAST,SOFTWARE,Actual,25272.0
202611,PERSONNEL,IT,NORTHEAST,SOFTWARE,Budget,24300.0
202611,PERSONNEL,IT,CENTRAL_WEST,SOFTWARE,Actual,19656.0
202611,PERSONNEL,IT,CENTRAL_WEST,SOFTWARE,Budget,18900.0
202611,PERSONNEL,FINANCE,SOUTH,SOFTWARE,Actual,20592.0
202611,PERSONNEL,FINANCE,SOUTH,SOFTWARE,Budget,19800.0
202611,PERSONNEL,FINANCE,SOUTHEAST,SOFTWARE,Actual,43056.0
202611,PERSONNEL,FINANCE,SOUTHEAST,SOFTWARE,Budget,41400.0
202611,PERSONNEL,FINANCE,NORTHEAST,SOFTWARE,Actual,16848.0
202611,PERSONNEL,FINANCE,NORTHEAST,SOFTWARE,Budget,16200.0
202611,PERSONNEL,FINANCE,CENTRAL_WEST,SOFTWARE,Actual,13104.0
202611,PERSONNEL,FINANCE,CENTRAL_WEST,SOFTWARE,Budget,12600.0
202611,PERSONNEL,SALES,SOUTH,SOFTWARE,Actual,27456.0
202611,PERSONNEL,SALES,SOUTH,SOFTWARE,Budget,26400.0
202611,PERSONNEL,SALES,SOUTHEAST,SOFTWARE,Actual,57408.0
202611,PERSONNEL,SALES,SOUTHEAST,SOFTWARE,Budget,55200.0
202611,PERSONNEL,SALES,NORTHEAST,SOFTWARE,Actual,22464.0
202611,PERSONNEL,SALES,NORTHEAST,SOFTWARE,Budget,21600.0
202611,PERSONNEL,SALES,CENTRAL_WEST,SOFTWARE,Actual,17472.0
202611,PERSONNEL,SALES,CENTRAL_WEST,SOFTWARE,Budget,16800.0
202611,PERSONNEL,MARKETING,SOUTH,SOFTWARE,Actual,18304.0
202611,PERSONNEL,MARKETING,SOUTH,SOFTWARE,Budget,17600.0
202611,PERSONNEL,MARKETING,SOUTHEAST,SOFTWARE,Actual,38272.0
202611,PERSONNEL,MARKETING,SOUTHEAST,SOFTWARE,Budget,36800.0
202611,PERSONNEL,MARKETING,NORTHEAST,SOFTWARE,Actual,14976.0
202611,PERSONNEL,MARKETING,NORTHEAST,SOFTWARE,Budget,14400.0
202611,PERSONNEL,MARKETING,CENTRAL_WEST,SOFTWARE,Actual,11648.0
202611,PERSONNEL,MARKETING,CENTRAL_WEST,SOFTWARE,Budget,11200.0
202611,PERSONNEL,OPERATIONS,SOUTH,SOFTWARE,Actual,34320.0
202611,PERSONNEL,OPERATIONS,SOUTH,SOFTWARE,Budget,33000.0
202611,PERSONNEL,OPERATIONS,SOUTHEAST,SOFTWARE,Actual,71760.0
202611,PERSONNEL,OPERATIONS,SOUTHEAST,SOFTWARE,Budget,69000.0
202611,PERSONNEL,OPERATIONS,NORTHEAST,SOFTWARE,Actual,28080.0
202611,PERSONNEL,OPERATIONS,NORTHEAST,SOFTWARE,Budget,27000.0
202611,PERSONNEL,OPERATIONS,CENTRAL_WEST,SOFTWARE,Actual,21840.0
202611,PERSONNEL,OPERATIONS,CENTRAL_WEST,SOFTWARE,Budget,21000.0
202611,MARKETING,MARKETING,SOUTH,SOFTWARE,Actual,34320.0
202611,MARKETING,MARKETING,SOUTH,SOFTWARE,Budget,33000.0
202611,MARKETING,MARKETING,SOUTHEAST,SOFTWARE,Actual,71760.0
202611,MARKETING,MARKETING,SOUTHEAST,SOFTWARE,Budget,69000.0
202611,MARKETING,MARKETING,NORTHEAST,SOFTWARE,Actual,28080.0
202611,MARKETING,MARKETING,NORTHEAST,SOFTWARE,Budget,27000.0
202611,MARKETING,MARKETING,CENTRAL_WEST,SOFTWARE,Actual,21840.0
202611,MARKETING,MARKETING,CENTRAL_WEST,SOFTWARE,Budget,21000.0
202611,OTHER_OPEX,IT,SOUTH,SOFTWARE,Actual,10296.0
202611,OTHER_OPEX,IT,SOUTH,SOFTWARE,Budget,9900.0
202611,OTHER_OPEX,IT,SOUTHEAST,SOFTWARE,Actual,21528.0
202611,OTHER_OPEX,IT,SOUTHEAST,SOFTWARE,Budget,20700.0
202611,OTHER_OPEX,IT,NORTHEAST,SOFTWARE,Actual,8424.0
202611,OTHER_OPEX,IT,NORTHEAST,SOFTWARE,Budget,8100.0
202611,OTHER_OPEX,IT,CENTRAL_WEST,SOFTWARE,Actual,6552.0
202611,OTHER_OPEX,IT,CENTRAL_WEST,SOFTWARE,Budget,6300.0
202611,OTHER_OPEX,FINANCE,SOUTH,SOFTWARE,Actual,8008.0
202611,OTHER_OPEX,FINANCE,SOUTH,SOFTWARE,Budget,7700.0
202611,OTHER_OPEX,FINANCE,SOUTHEAST,SOFTWARE,Actual,16744.0
202611,OTHER_OPEX,FINANCE,SOUTHEAST,SOFTWARE,Budget,16100.0
202611,OTHER_OPEX,FINANCE,NORTHEAST,SOFTWARE,Actual,6552.0
202611,OTHER_OPEX,FINANCE,NORTHEAST,SOFTWARE,Budget,6300.0
202611,OTHER_OPEX,FINANCE,CENTRAL_WEST,SOFTWARE,Actual,5096.0
202611,OTHER_OPEX,FINANCE,CENTRAL_WEST,SOFTWARE,Budget,4900.0
202611,OTHER_OPEX,HR,SOUTH,SOFTWARE,Actual,5720.0
202611,OTHER_OPEX,HR,SOUTH,SOFTWARE,Budget,5500.0
202611,OTHER_OPEX,HR,SOUTHEAST,SOFTWARE,Actual,11960.0
202611,OTHER_OPEX,HR,SOUTHEAST,SOFTWARE,Budget,11500.0
202611,OTHER_OPEX,HR,NORTHEAST,SOFTWARE,Actual,4680.0
202611,OTHER_OPEX,HR,NORTHEAST,SOFTWARE,Budget,4500.0
202611,OTHER_OPEX,HR,CENTRAL_WEST,SOFTWARE,Actual,3640.0
202611,OTHER_OPEX,HR,CENTRAL_WEST,SOFTWARE,Budget,3500.0
202611,OTHER_OPEX,OPERATIONS,SOUTH,SOFTWARE,Actual,16016.0
202611,OTHER_OPEX,OPERATIONS,SOUTH,SOFTWARE,Budget,15400.0
202611,OTHER_OPEX,OPERATIONS,SOUTHEAST,SOFTWARE,Actual,33488.0
202611,OTHER_OPEX,OPERATIONS,SOUTHEAST,SOFTWARE,Budget,32200.0
202611,OTHER_OPEX,OPERATIONS,NORTHEAST,SOFTWARE,Actual,13104.0
202611,OTHER_OPEX,OPERATIONS,NORTHEAST,SOFTWARE,Budget,12600.0
202611,OTHER_OPEX,OPERATIONS,CENTRAL_WEST,SOFTWARE,Actual,10192.0
202611,OTHER_OPEX,OPERATIONS,CENTRAL_WEST,SOFTWARE,Budget,9800.0
202612,PERSONNEL,HR,SOUTH,SOFTWARE,Actual,24717.0
202612,PERSONNEL,HR,SOUTH,SOFTWARE,Budget,23100.0
202612,PERSONNEL,HR,SOUTHEAST,SOFTWARE,Actual,51681.0
202612,PERSONNEL,HR,SOUTHEAST,SOFTWARE,Budget,48300.0
202612,PERSONNEL,HR,NORTHEAST,SOFTWARE,Actual,20223.0
202612,PERSONNEL,HR,NORTHEAST,SOFTWARE,Budget,18900.0
202612,PERSONNEL,HR,CENTRAL_WEST,SOFTWARE,Actual,15729.0
202612,PERSONNEL,HR,CENTRAL_WEST,SOFTWARE,Budget,14700.0
202612,PERSONNEL,IT,SOUTH,SOFTWARE,Actual,31779.0
202612,PERSONNEL,IT,SOUTH,SOFTWARE,Budget,29700.0
202612,PERSONNEL,IT,SOUTHEAST,SOFTWARE,Actual,66447.0
202612,PERSONNEL,IT,SOUTHEAST,SOFTWARE,Budget,62100.0
202612,PERSONNEL,IT,NORTHEAST,SOFTWARE,Actual,26001.0
202612,PERSONNEL,IT,NORTHEAST,SOFTWARE,Budget,24300.0
202612,PERSONNEL,IT,CENTRAL_WEST,SOFTWARE,Actual,20223.0
202612,PERSONNEL,IT,CENTRAL_WEST,SOFTWARE,Budget,18900.0
202612,PERSONNEL,FINANCE,SOUTH,SOFTWARE,Actual,21186.0
202612,PERSONNEL,FINANCE,SOUTH,SOFTWARE,Budget,19800.0
202612,PERSONNEL,FINANCE,SOUTHEAST,SOFTWARE,Actual,44298.0
202612,PERSONNEL,FINANCE,SOUTHEAST,SOFTWARE,Budget,41400.0
202612,PERSONNEL,FINANCE,NORTHEAST,SOFTWARE,Actual,17334.0
202612,PERSONNEL,FINANCE,NORTHEAST,SOFTWARE,Budget,16200.0
202612,PERSONNEL,FINANCE,CENTRAL_WEST,SOFTWARE,Actual,13482.0
202612,PERSONNEL,FINANCE,CENTRAL_WEST,SOFTWARE,Budget,12600.0
202612,PERSONNEL,SALES,SOUTH,SOFTWARE,Actual,28248.0
202612,PERSONNEL,SALES,SOUTH,SOFTWARE,Budget,26400.0
202612,PERSONNEL,SALES,SOUTHEAST,SOFTWARE,Actual,59064.0
202612,PERSONNEL,SALES,SOUTHEAST,SOFTWARE,Budget,55200.0
202612,PERSONNEL,SALES,NORTHEAST,SOFTWARE,Actual,23112.0
202612,PERSONNEL,SALES,NORTHEAST,SOFTWARE,Budget,21600.0
202612,PERSONNEL,SALES,CENTRAL_WEST,SOFTWARE,Actual,17976.0
202612,PERSONNEL,SALES,CENTRAL_WEST,SOFTWARE,Budget,16800.0
202612,PERSONNEL,MARKETING,SOUTH,SOFTWARE,Actual,18832.0
202612,PERSONNEL,MARKETING,SOUTH,SOFTWARE,Budget,17600.0
202612,PERSONNEL,MARKETING,SOUTHEAST,SOFTWARE,Actual,39376.0
202612,PERSONNEL,MARKETING,SOUTHEAST,SOFTWARE,Budget,36800.0
202612,PERSONNEL,MARKETING,NORTHEAST,SOFTWARE,Actual,15408.0
202612,PERSONNEL,MARKETING,NORTHEAST,SOFTWARE,Budget,14400.0
202612,PERSONNEL,MARKETING,CENTRAL_WEST,SOFTWARE,Actual,11984.0
202612,PERSONNEL,MARKETING,CENTRAL_WEST,SOFTWARE,Budget,11200.0
202612,PERSONNEL,OPERATIONS,SOUTH,SOFTWARE,Actual,35310.0
202612,PERSONNEL,OPERATIONS,SOUTH,SOFTWARE,Budget,33000.0
202612,PERSONNEL,OPERATIONS,SOUTHEAST,SOFTWARE,Actual,73830.0
202612,PERSONNEL,OPERATIONS,SOUTHEAST,SOFTWARE,Budget,69000.0
202612,PERSONNEL,OPERATIONS,NORTHEAST,SOFTWARE,Actual,28890.0
202612,PERSONNEL,OPERATIONS,NORTHEAST,SOFTWARE,Budget,27000.0
202612,PERSONNEL,OPERATIONS,CENTRAL_WEST,SOFTWARE,Actual,22470.0
202612,PERSONNEL,OPERATIONS,CENTRAL_WEST,SOFTWARE,Budget,21000.0
202612,MARKETING,MARKETING,SOUTH,SOFTWARE,Actual,38134.8
202612,MARKETING,MARKETING,SOUTH,SOFTWARE,Budget,35640.0
202612,MARKETING,MARKETING,SOUTHEAST,SOFTWARE,Actual,79736.4
202612,MARKETING,MARKETING,SOUTHEAST,SOFTWARE,Budget,74520.0
202612,MARKETING,MARKETING,NORTHEAST,SOFTWARE,Actual,31201.2
202612,MARKETING,MARKETING,NORTHEAST,SOFTWARE,Budget,29160.0
202612,MARKETING,MARKETING,CENTRAL_WEST,SOFTWARE,Actual,24267.6
202612,MARKETING,MARKETING,CENTRAL_WEST,SOFTWARE,Budget,22680.0
202612,OTHER_OPEX,IT,SOUTH,SOFTWARE,Actual,10593.0
202612,OTHER_OPEX,IT,SOUTH,SOFTWARE,Budget,9900.0
202612,OTHER_OPEX,IT,SOUTHEAST,SOFTWARE,Actual,22149.0
202612,OTHER_OPEX,IT,SOUTHEAST,SOFTWARE,Budget,20700.0
202612,OTHER_OPEX,IT,NORTHEAST,SOFTWARE,Actual,8667.0
202612,OTHER_OPEX,IT,NORTHEAST,SOFTWARE,Budget,8100.0
202612,OTHER_OPEX,IT,CENTRAL_WEST,SOFTWARE,Actual,6741.0
202612,OTHER_OPEX,IT,CENTRAL_WEST,SOFTWARE,Budget,6300.0
202612,OTHER_OPEX,FINANCE,SOUTH,SOFTWARE,Actual,8239.0
202612,OTHER_OPEX,FINANCE,SOUTH,SOFTWARE,Budget,7700.0
202612,OTHER_OPEX,FINANCE,SOUTHEAST,SOFTWARE,Actual,17227.0
202612,OTHER_OPEX,FINANCE,SOUTHEAST,SOFTWARE,Budget,16100.0
202612,OTHER_OPEX,FINANCE,NORTHEAST,SOFTWARE,Actual,6741.0
202612,OTHER_OPEX,FINANCE,NORTHEAST,SOFTWARE,Budget,6300.0
202612,OTHER_OPEX,FINANCE,CENTRAL_WEST,SOFTWARE,Actual,5243.0
202612,OTHER_OPEX,FINANCE,CENTRAL_WEST,SOFTWARE,Budget,4900.0
202612,OTHER_OPEX,HR,SOUTH,SOFTWARE,Actual,5885.0
202612,OTHER_OPEX,HR,SOUTH,SOFTWARE,Budget,5500.0
202612,OTHER_OPEX,HR,SOUTHEAST,SOFTWARE,Actual,12305.0
202612,OTHER_OPEX,HR,SOUTHEAST,SOFTWARE,Budget,11500.0
202612,OTHER_OPEX,HR,NORTHEAST,SOFTWARE,Actual,4815.0
202612,OTHER_OPEX,HR,NORTHEAST,SOFTWARE,Budget,4500.0
202612,OTHER_OPEX,HR,CENTRAL_WEST,SOFTWARE,Actual,3745.0
202612,OTHER_OPEX,HR,CENTRAL_WEST,SOFTWARE,Budget,3500.0
202612,OTHER_OPEX,OPERATIONS,SOUTH,SOFTWARE,Actual,16478.0
202612,OTHER_OPEX,OPERATIONS,SOUTH,SOFTWARE,Budget,15400.0
202612,OTHER_OPEX,OPERATIONS,SOUTHEAST,SOFTWARE,Actual,34454.0
202612,OTHER_OPEX,OPERATIONS,SOUTHEAST,SOFTWARE,Budget,32200.0
202612,OTHER_OPEX,OPERATIONS,NORTHEAST,SOFTWARE,Actual,13482.0
202612,OTHER_OPEX,OPERATIONS,NORTHEAST,SOFTWARE,Budget,12600.0
202612,OTHER_OPEX,OPERATIONS,CENTRAL_WEST,SOFTWARE,Actual,10486.0
202612,OTHER_OPEX,OPERATIONS,CENTRAL_WEST,SOFTWARE,Budget,9800.0
